order_id,product_name,category,price,quantity_sold,total_revenue,order_date,customer_location
65328495-073e-4e93-ada2-377ba57086be,T-Shirt,Clothing,488.86,9,4399.74,2024-09-22,North Carolynfurt
86524156-0c60-4469-a849-f1de91102256,Jacket,Clothing,976.52,3,2929.56,2024-05-15,Jasonchester
42700bb7-847e-4ad3-8140-0d8dfd8d73dc,Lipstick,Beauty & Health,156.69,3,470.07,2024-11-30,New Andrew
cd7bee72-35d2-4074-82a2-1e30f7e4776f,Coffee Maker,Home & Kitchen,421.97,1,421.97,2024-03-01,West Davidmouth
5a5b5f91-ad57-4455-b58e-228c1910095c,Yoga Mat,Sports,496.57,4,1986.28,2024-03-23,South Joanna
5162c0ea-9552-4817-a147-ae9add83c962,Toaster,Home & Kitchen,503.07,6,3018.42,2024-12-05,Michelleton
695bcd0f-0cbe-48a3-be75-6b6e38dd6f2b,Lipstick,Beauty & Health,688.57,5,3442.85,2024-05-27,Reevesmouth
2be1c024-f48b-44e3-8e1e-a3defdb410f0,Jeans,Clothing,44.1,2,88.2,2024-09-28,Zacharyhaven
0bd8843b-de14-4454-a102-93113643be0b,T-Shirt,Clothing,49.48,1,49.48,2024-10-17,Lake Tiffanyton
884287ba-9fc8-4691-a550-92a9707fba97,Running Shoes,Sports,444.72,6,2668.32,2024-09-05,Jeffreyton
efb2d032-731a-4b51-b623-a9dac11a1e42,Sweater,Clothing,336.74,3,1010.22,2025-02-02,Bowersshire
069862c3-59e7-4c47-a011-49cb9377b222,Jeans,Clothing,336.17,2,672.34,2024-03-29,North Tamara
71c90b7f-6bf4-410b-8c6c-f5bcbd99ba84,Tennis Racket,Sports,692.5,2,1385.0,2024-05-04,Jessicaside
9d530ae8-8b9e-4e09-9340-c4b0c67c26a0,Jeans,Clothing,662.17,1,662.17,2024-05-25,East Brittanyland
c0117b1c-8d89-4ab1-9ab1-6dbbdd26fee5,Coffee Maker,Home & Kitchen,632.6,4,2530.4,2024-10-16,East William
09b3f93b-a7c2-41ab-bac9-92dd673f1445,Shampoo,Beauty & Health,937.58,1,937.58,2024-09-23,Diazfort
5a6c372a-7671-4e60-a421-b7b936454bc2,Face Cream,Beauty & Health,679.72,5,3398.6,2025-01-26,West Dominiqueborough
6616a489-f7fb-4837-89f2-fcb1f8c0e126,Smartwatch,Electronics,21.53,6,129.18,2024-11-07,Taraborough
c83e025f-46b0-4b27-a67c-e1774c783108,Vacuum Cleaner,Home & Kitchen,826.84,5,4134.2,2024-04-11,Catherineshire
6e3b748d-c2d3-42f6-b6bd-42f5841a5fec,Jeans,Clothing,500.9,5,2504.5,2024-10-12,Phillipport
e7b5f7cf-87ed-46ca-a33d-fff7c2e44ccc,T-Shirt,Clothing,968.91,3,2906.73,2025-01-01,Anthonybury
7b98daf5-c438-4ff0-9915-b080fa01d613,Coffee Maker,Home & Kitchen,285.66,2,571.32,2024-08-22,West Davidtown
cb27bb2e-fd31-46e0-941c-54121be9a6d9,Tablet,Electronics,798.54,1,798.54,2024-09-10,North Christophermouth
a6c89d97-e86b-4a39-83a5-aaf1fe50eee9,Vacuum Cleaner,Home & Kitchen,607.46,4,2429.84,2024-12-17,Lake Nicolehaven
3c96ff6f-5253-4133-ab36-c884004f1780,Vacuum Cleaner,Home & Kitchen,947.76,6,5686.56,2025-01-07,West Justin
7d9b5e97-2f6b-43ae-8fbd-476e06e7da85,Tennis Racket,Sports,64.13,2,128.26,2024-03-04,North Stacey
e1dc6fb5-a990-4757-97f7-9a1d9dfecfa3,Jacket,Clothing,149.08,9,1341.72,2024-06-19,Rodrigueztown
ce873045-8529-4b92-8c8d-60457523e949,Laptop,Electronics,807.97,3,2423.91,2024-02-29,Jacksonside
eeea56d7-0c31-4444-b458-17869c3fdbad,Coffee Maker,Home & Kitchen,140.23,1,140.23,2024-05-23,Danaview
1f76c3db-65cf-4173-86c7-65c398b3c2f3,Tablet,Electronics,99.1,1,99.1,2024-11-09,North Jose
e3a86450-8848-44e0-8caf-8d46faf7dda0,Yoga Mat,Sports,600.39,3,1801.17,2024-04-23,Johnburgh
084f55ed-e458-42e8-b3fb-40d54df416f4,Lipstick,Beauty & Health,845.35,9,7608.15,2025-02-03,West Douglas
8ffe9f2e-26f8-4dce-a3a8-2da607b206c4,Sunscreen,Beauty & Health,936.59,5,4682.95,2024-12-04,Fischerland
aea1483b-a74f-4eb8-8d9d-01239d647f31,Blender,Home & Kitchen,108.17,9,973.53,2024-03-19,Danielleton
64ba5d5e-5214-4cae-a120-c3868831eab6,Jacket,Clothing,588.39,9,5295.51,2025-02-18,New Elizabeth
f20e4322-8458-40a4-8611-27d468167356,Toaster,Home & Kitchen,228.15,3,684.45,2024-07-11,Aprilchester
a7532263-0963-44a5-962d-c56507098825,Running Shoes,Sports,771.68,2,1543.36,2024-08-14,Jacksonberg
e8aeca54-b6f5-4c23-bb4b-a14e0a2e90d1,Smartphone,Electronics,62.12,5,310.6,2024-09-16,Scotttown
2ed416d6-6b01-455d-be37-761a980a9948,Yoga Mat,Sports,144.06,3,432.18,2024-07-16,South Arthur
58fa7388-51a3-4e00-a36f-707a81aa1a5d,Perfume,Beauty & Health,20.19,9,181.71,2024-03-14,Jeffersontown
357e433e-0ce5-4a10-af5e-bebc0ce32f4a,Dumbbells,Sports,155.94,9,1403.46,2024-06-08,East Brianna
d2891aa7-a1f3-45be-a4ce-d261c9fa0f3e,Jacket,Clothing,483.43,9,4350.87,2024-11-22,South Kristin
d711880c-84b7-4985-aea4-2678bd5d6afa,Coffee Maker,Home & Kitchen,133.16,7,932.12,2024-06-16,Hendersonstad
4c7228e0-fd33-441f-afcf-3203e667371f,Tablet,Electronics,39.0,1,39.0,2024-12-27,Jameshaven
ccecf6cd-b51d-4275-87ea-9cf58c3a0fa4,Tennis Racket,Sports,347.84,5,1739.2,2024-02-26,Port Joeltown
5d7d3a85-ff32-43c6-bd1b-3591b36bb14c,Basketball,Sports,46.17,5,230.85,2025-01-14,South Jessica
73c1ee71-9925-499d-aa1c-a0d8cd73ba92,Basketball,Sports,273.85,8,2190.8,2024-10-19,South Chelsea
34bd1cf2-2855-492d-ad86-25a5af352319,Headphones,Electronics,880.54,9,7924.86,2024-07-06,Kelseyview
03f2c15f-1209-4134-8721-484af06a87e3,Vacuum Cleaner,Home & Kitchen,344.28,7,2409.96,2025-01-16,North Shane
81cf8cc2-a942-4079-a5fb-4386a1e1d43e,Vacuum Cleaner,Home & Kitchen,91.25,1,91.25,2024-11-09,West Kathleenmouth
c6a50151-3e71-4378-9cdd-c96b10a60833,Shoes,Clothing,771.03,4,3084.12,2024-02-27,Port Bobbyshire
a05f4602-5d74-42f6-8bdc-951bdb784afa,Sunscreen,Beauty & Health,758.53,8,6068.24,2024-07-09,East Maryberg
690ebee6-bdab-42c1-8fec-107590b23d9c,Dumbbells,Sports,270.15,4,1080.6,2024-07-01,East Troyland
7ebf9b35-45ea-437b-9ee5-302e0ef97b64,Jacket,Clothing,587.48,8,4699.84,2024-07-25,North Lauraborough
9b907205-1ea9-4ec4-a1ba-0f746d5730f5,T-Shirt,Clothing,397.53,7,2782.71,2024-05-21,New David
a94e6a4d-45d0-432c-b214-b8641225eed6,Vacuum Cleaner,Home & Kitchen,919.19,1,919.19,2024-09-02,Micheleborough
695363e4-c3bf-4468-9e0c-a4a82f097f09,T-Shirt,Clothing,927.61,6,5565.66,2024-05-13,Port Jessicafort
a2a537a2-8d96-4565-9592-be757401b6f8,Smartphone,Electronics,789.1,1,789.1,2024-09-20,New Rebecca
429b8633-c96e-45fe-93eb-cf2eb87a012e,Tablet,Electronics,520.05,9,4680.45,2024-03-16,Garciaville
98e4a410-2290-4bdd-9cc9-eda589b7eef8,Running Shoes,Sports,996.86,1,996.86,2024-12-02,Cruzmouth
c5323f41-6046-44fa-845f-b1f4e8b5bdf3,Sweater,Clothing,504.36,6,3026.16,2024-06-04,Lake Marioborough
4c495bc8-c386-413d-9397-0932a3fc630a,Yoga Mat,Sports,354.82,2,709.64,2024-05-23,East Kirk
e3dc8262-c837-4bb3-a482-e469c41196c1,Face Cream,Beauty & Health,271.71,6,1630.26,2024-06-10,Courtneyfurt
c4094ad2-4195-47a1-9c65-29db3c05e113,Basketball,Sports,585.32,8,4682.56,2024-04-25,West Louis
7188a896-0237-42e7-b09a-e86650f3944c,Microwave,Home & Kitchen,405.72,8,3245.76,2024-06-29,Rasmussenport
8dc63aba-e241-4267-a625-4543f23243a0,Microwave,Home & Kitchen,984.82,2,1969.64,2025-02-02,West John
eff83f66-fe80-4c55-bd78-ead967b2de60,Microwave,Home & Kitchen,705.79,9,6352.11,2024-08-21,Lisamouth
3b4c023b-23d2-41b9-8ce4-eda8c3b7f694,Sunscreen,Beauty & Health,439.37,9,3954.33,2024-09-15,Browningfort
3c009927-e27a-4519-bcc4-8f42264cae03,Smartwatch,Electronics,712.9,9,6416.1,2025-01-03,South Andrew
b52f0f70-9672-434a-a21a-96d1e1728aa0,Shampoo,Beauty & Health,786.29,4,3145.16,2025-01-03,Danielchester
b6e66486-8356-4d85-bcae-38d60318caba,T-Shirt,Clothing,646.12,1,646.12,2024-11-07,Lake Briantown
6ff39c4b-4eca-4974-8e94-8db674bf67e9,Basketball,Sports,302.36,7,2116.52,2024-11-21,Murrayburgh
bbd3cbef-ba83-4b62-9e56-7662a6387271,Smartwatch,Electronics,752.99,2,1505.98,2025-02-20,Cherylburgh
77699785-968f-40ed-8c94-bbb08bfb6333,Basketball,Sports,88.85,1,88.85,2024-03-18,Jamesshire
cc8f6a92-53ee-462a-8721-66adfabe2f29,Sweater,Clothing,661.16,1,661.16,2024-10-21,Hollyhaven
9f2c5aab-d035-4820-a60a-99d1a15cde8f,Tennis Racket,Sports,270.93,4,1083.72,2024-08-30,East Hunter
d956446e-71aa-45c7-a079-83feba089c08,Headphones,Electronics,627.78,9,5650.02,2024-03-28,Lake Robinshire
023a4271-63dd-4357-98b3-8c90d8b8781b,Vacuum Cleaner,Home & Kitchen,122.54,8,980.32,2025-02-04,North Christophershire
b38f0261-c860-437c-bc22-faf81bd32f9e,Jacket,Clothing,604.89,5,3024.45,2024-06-13,Rebeccachester
e0aaf6f8-99ba-4f05-8750-a90bf76cd5da,Tennis Racket,Sports,490.43,6,2942.58,2024-12-30,Nicholasville
4277ee5f-acd6-48cd-be54-3f57f606dbfe,Jeans,Clothing,888.22,6,5329.32,2025-01-28,Jerrytown
26a7fb73-2742-4892-867b-48ca9dfcc373,Tablet,Electronics,262.95,8,2103.6,2024-10-15,Benjaminberg
f3e6df5c-6b2d-4821-9b3e-ff1c340a4a97,Tablet,Electronics,491.53,3,1474.59,2024-12-30,Matthewport
dd45569b-9f73-43c8-abda-314ad811dc8e,Laptop,Electronics,404.3,4,1617.2,2024-02-29,Port Lisaberg
9b6ef7a8-205a-47c7-b000-312cefec43b8,Laptop,Electronics,606.21,4,2424.84,2024-05-21,Jennyshire
e2c1fd4d-5df6-48ce-ac6e-db070b82ec1e,Blender,Home & Kitchen,932.36,1,932.36,2024-03-27,Thomasstad
d30501e0-b06a-429f-a0a0-ef6dced9eea1,Tennis Racket,Sports,76.12,1,76.12,2024-09-09,Salasside
37e51fef-f387-4e64-9195-62b9236b2271,Face Cream,Beauty & Health,777.85,4,3111.4,2024-05-10,Port Brandon
142ba987-6f31-447a-bd7d-291839839a77,Perfume,Beauty & Health,701.69,9,6315.21,2024-10-17,Joshuabury
b7a0ec80-e977-4ca9-a25c-a609784d3f26,Blender,Home & Kitchen,554.3,2,1108.6,2024-06-19,South Monica
34ec215a-18b0-46ee-8abd-9a78ea3d2fe7,Coffee Maker,Home & Kitchen,329.34,5,1646.7,2024-08-04,Lake Thomasport
3aadc11f-87ef-4911-8c01-554b3b03ad16,Vacuum Cleaner,Home & Kitchen,446.16,7,3123.12,2024-06-30,Ericksonmouth
0ba11e86-1f91-430f-9749-e2ac4fcb4073,Microwave,Home & Kitchen,263.29,1,263.29,2024-06-23,Pattonfurt
27464afd-c593-4026-918f-5e89989307ba,Jeans,Clothing,379.68,6,2278.08,2024-06-13,Bethmouth
77c29632-74e5-4bcf-897d-6b705cdaa61e,Dumbbells,Sports,329.05,8,2632.4,2024-11-01,Lake Matthewport
e51d8c1d-fd88-439c-be4b-02c48cda29fe,Laptop,Electronics,694.81,8,5558.48,2024-04-21,Lake Ashley
b3a50f82-d44c-440c-9ee5-7fd2bc0e81e0,Sweater,Clothing,879.88,3,2639.64,2024-05-20,Brandonstad
b23e6628-a4dd-4d35-a7ba-d61838e05a41,Jeans,Clothing,749.23,8,5993.84,2024-08-04,New Frank
ed5bd42a-a8da-4cbf-9577-907df47b8c3c,Lipstick,Beauty & Health,249.61,3,748.83,2024-11-13,Lake Clairetown
2f4345bb-7abe-4af3-97bc-9e85d4ea6cbc,Shampoo,Beauty & Health,32.89,4,131.56,2024-10-14,Sydneymouth
feb3785d-ada9-4f9e-9d86-0b543fd31341,Laptop,Electronics,860.38,6,5162.28,2024-03-03,South Amanda
d00992cf-253d-42f3-b3d7-9e43da978fc0,Coffee Maker,Home & Kitchen,115.06,9,1035.54,2024-10-23,South Richardburgh
0b8a54aa-cae3-4b6a-b6ba-743b83bd91cf,Running Shoes,Sports,515.55,3,1546.65,2024-03-22,West Sharon
9e32c88d-8d95-49a4-b863-4d5ad8b9de36,Blender,Home & Kitchen,656.17,5,3280.85,2024-08-22,East Sandraport
4713924f-9885-4496-b41c-173cd56578c6,T-Shirt,Clothing,867.15,8,6937.2,2024-11-04,North Derrickton
753d42e7-d2de-41c9-a51f-d757d318d34e,T-Shirt,Clothing,638.1,3,1914.3,2024-08-14,Huntland
542e82fc-3194-4957-b8e9-c057085ede72,Smartwatch,Electronics,897.82,8,7182.56,2024-11-09,Cardenasstad
c5ceb30f-398b-419b-b916-e398b13b1768,Tablet,Electronics,335.22,3,1005.66,2024-03-22,East Kelly
fe89aae4-8406-429f-bb9b-ee73ecb37268,Jeans,Clothing,86.53,2,173.06,2024-06-02,Walkerbury
4b65a809-2e08-4879-bf84-bd5cabb6f1c0,T-Shirt,Clothing,416.17,3,1248.51,2024-06-13,Taylorfurt
d0deeb59-dc75-4671-8774-47d8ffdb19d0,Smartwatch,Electronics,503.55,6,3021.3,2024-05-16,West Joseph
41363de8-c6c8-414a-841b-cff7c0ce0f08,Jacket,Clothing,623.51,5,3117.55,2024-03-29,Robinstad
2ffd7893-7a3e-46d4-809a-54056779c9c0,Dumbbells,Sports,662.96,7,4640.72,2025-01-24,Lake Danny
057db188-d4d4-4984-a0b1-fe8adbb833a7,Toaster,Home & Kitchen,982.23,9,8840.07,2025-01-01,Wellsburgh
5aa13243-22a3-4494-82c7-91dabb980a64,Smartwatch,Electronics,825.39,7,5777.73,2024-09-05,West Jaclyn
25d8c99f-19f7-4b0e-9d5a-a875d562421d,Coffee Maker,Home & Kitchen,629.62,9,5666.58,2024-04-09,East Michelle
6fb98120-ae94-47e6-8862-1d9cfbcdd919,Sunscreen,Beauty & Health,827.06,7,5789.42,2024-09-15,New Connie
80af0114-eadd-4ce1-a13e-bc97a782ffa7,Sweater,Clothing,410.96,7,2876.72,2024-11-26,North Betty
9e888fe9-a95b-47fd-85b0-c8dc11396682,Microwave,Home & Kitchen,855.99,9,7703.91,2024-06-05,New Angelaburgh
56bfe7cb-4a7e-4a57-af96-4c1a70a6e8af,Tablet,Electronics,795.61,2,1591.22,2024-04-20,Gonzalezborough
42511d04-07c1-4435-9a8e-b6886427443d,Shampoo,Beauty & Health,600.1,5,3000.5,2025-02-25,South Allisonton
eb950faa-67ba-41b9-8ec9-64d8eade378f,Face Cream,Beauty & Health,719.77,2,1439.54,2024-07-16,Robertsonport
9a20eeeb-aa8b-471d-ae65-a9cd39fd903d,Tablet,Electronics,164.15,1,164.15,2024-11-17,Sophiaville
d38c0293-7ae7-4e25-8cd5-879fe9010dd6,Laptop,Electronics,796.85,6,4781.1,2024-11-13,New Megan
88a69fa4-8085-49df-ba10-7510e1dae6e1,Shampoo,Beauty & Health,192.87,7,1350.09,2025-01-12,New Christiantown
b1e1f03b-e426-49a1-9145-2b5c316de80e,Running Shoes,Sports,889.41,3,2668.23,2024-11-28,North Whitneyport
0c019a25-f460-4f97-b422-ca461650e073,Coffee Maker,Home & Kitchen,710.72,3,2132.16,2024-12-08,Lake Tammyland
e3e27f7a-640e-48c5-b753-c4eb151037f1,Shampoo,Beauty & Health,867.56,9,7808.04,2024-11-03,Gonzaleshaven
649f082d-b0f4-4f4f-ae0b-df7b602f4a84,Tablet,Electronics,981.55,2,1963.1,2024-08-14,Ashleyport
739954eb-1322-4adc-9807-ac3576af9ef7,Coffee Maker,Home & Kitchen,853.98,2,1707.96,2024-03-07,West Ashley
0e418819-7e78-4855-accc-329d1f1071ce,T-Shirt,Clothing,709.8,1,709.8,2025-01-06,Williamstown
2aa54d61-608c-452c-9d50-b3654c02ef45,Headphones,Electronics,507.83,7,3554.81,2024-06-20,New Valerieside
69d66019-5316-4e75-816a-abaceedf8795,Running Shoes,Sports,812.57,4,3250.28,2024-03-25,West Kevin
e300c643-e374-4268-8681-e7bafa9618f3,Smartwatch,Electronics,627.59,3,1882.77,2024-11-24,Homouth
0ba4d4ea-c062-4f18-9c42-35fbacb7b9b5,Shampoo,Beauty & Health,449.21,6,2695.26,2024-09-04,Lake Vanessa
22132b9c-7c04-420f-9893-f8ae0ad294ad,Basketball,Sports,338.09,6,2028.54,2024-07-10,Martinville
717dc1bf-f031-4363-b567-b5aed579bd58,Smartphone,Electronics,868.25,6,5209.5,2024-12-06,Port Joshuahaven
4a434602-49a4-4408-b2aa-a62569a111ea,Blender,Home & Kitchen,138.22,1,138.22,2025-01-19,South Mark
698fe81c-6584-496a-9e7a-715598adf11a,Headphones,Electronics,262.78,7,1839.46,2024-04-27,East Jasonmouth
77a031b1-4e46-4e83-9f90-e5824429485d,Dumbbells,Sports,633.2,1,633.2,2024-06-22,East Rodney
a27bc902-778e-4cde-99a6-da4bb93fa795,Sunscreen,Beauty & Health,811.61,9,7304.49,2024-12-20,North Rachelchester
b89fa869-3cff-4a7f-b2be-5416bfdb3af4,Jacket,Clothing,510.07,9,4590.63,2024-08-04,Nguyenberg
b70e0e3e-970c-47d7-9d3b-3071dd16e036,Coffee Maker,Home & Kitchen,772.96,2,1545.92,2024-12-10,Port Dean
ee12cd8d-b350-4bc4-9676-ed6d77ed9e73,Perfume,Beauty & Health,781.85,8,6254.8,2024-07-02,North Rachel
97cb736e-a454-4254-b3bd-6b6dc4ef970a,Face Cream,Beauty & Health,606.53,9,5458.77,2024-11-04,Port Jamesshire
e33c6a98-ac61-4817-aa26-2ed60f6bc450,Basketball,Sports,821.84,8,6574.72,2024-06-05,Ruizside
e2f4c28b-9724-4946-bff9-ae7eb1b46f7b,Smartphone,Electronics,268.25,9,2414.25,2024-04-23,East Kristaburgh
540deeca-da65-46e9-831f-fcfd18da8779,Coffee Maker,Home & Kitchen,372.76,8,2982.08,2024-03-17,East Carolyn
d38cccdf-ed9a-4a0e-8f3a-5731a1efda48,Laptop,Electronics,335.54,9,3019.86,2024-05-02,Lopezberg
ff3cb6bf-fcf4-4a0b-bfb3-ddd2a90d5b3f,Jacket,Clothing,477.99,7,3345.93,2025-01-13,Michellemouth
50621ff5-adbd-4dd8-8340-5f76e13f3a1f,Sweater,Clothing,178.22,2,356.44,2025-02-04,Jonesside
5bd91370-9540-402c-a1d7-2b0efee8cd67,Shampoo,Beauty & Health,735.47,1,735.47,2024-06-12,North Georgeport
a142482a-02c4-4a9f-8756-49d8c36a9b55,Perfume,Beauty & Health,139.98,8,1119.84,2024-08-06,New Ashleyshire
cc286e2d-e27f-4255-b960-f203a7a20559,Shampoo,Beauty & Health,166.18,5,830.9,2024-09-26,Mariahbury
f66ebc0d-689c-456d-8ad1-03f061cc7af8,Face Cream,Beauty & Health,125.26,5,626.3,2024-06-18,Callahanstad
cdb859e4-9d7d-45d8-9d7e-10c4586dfc7d,Perfume,Beauty & Health,168.78,5,843.9,2025-02-21,North Davidport
68ab6eac-c9ca-42c7-8112-f5bb40dcfbca,Face Cream,Beauty & Health,625.23,9,5627.07,2025-01-17,North Angelafurt
c3d990c7-1048-4052-9a7d-04604351e39a,Jeans,Clothing,254.18,7,1779.26,2024-09-21,South Allison
8092b608-6b75-41ad-9d0a-d8e97f80c1e1,Headphones,Electronics,385.22,5,1926.1,2025-02-10,Taylorshire
6225c1b2-3479-4248-b856-5b2717316ded,Dumbbells,Sports,632.24,6,3793.44,2024-10-05,New Charlesmouth
6e1d491f-1711-4ec6-8429-c2afeacc98f5,Running Shoes,Sports,322.43,7,2257.01,2024-11-19,West Gilbertbury
fe0cb20d-f882-4527-8b84-9cfbdf77cb8c,Shoes,Clothing,637.44,5,3187.2,2024-09-30,South Tanyaton
05126f93-ed92-4f63-a0bf-7ae0855472a4,Microwave,Home & Kitchen,703.46,7,4924.22,2024-09-11,West Ashley
35be61fa-dc1b-4065-8087-d0ca760b0887,Dumbbells,Sports,680.82,1,680.82,2024-12-18,Watsonside
5436c3e3-b047-4cf7-a482-c80b6ff08d15,Shampoo,Beauty & Health,906.15,9,8155.35,2024-07-13,North Michael
773c1243-8728-44f4-9b2f-7ea2eddf46d1,T-Shirt,Clothing,95.47,2,190.94,2024-06-09,New Kaylabury
3c967a03-c82b-4947-af1c-b7b03011c570,Tennis Racket,Sports,953.43,9,8580.87,2024-09-28,Lake Michael
31f486d1-1ace-4736-9643-b1eb4494ae2e,Smartphone,Electronics,773.11,1,773.11,2024-11-05,New Nathan
58cc5a01-b06d-4dbd-9133-81adf193dfcf,Sunscreen,Beauty & Health,627.13,8,5017.04,2024-06-03,Tuckerville
648e3820-77aa-41c8-b6ec-7b68e873b8c0,Lipstick,Beauty & Health,325.69,3,977.07,2024-11-14,Charlesberg
da75b476-e116-4d36-8d2b-67576471bfbe,T-Shirt,Clothing,695.82,7,4870.74,2024-05-12,Richardsberg
8106d8a9-99e3-4894-9deb-7759b03c204b,Shampoo,Beauty & Health,13.69,9,123.21,2024-04-04,East Nicolefort
1afb45a1-b1de-4f24-a44e-4a93a028572c,Dumbbells,Sports,988.11,8,7904.88,2024-10-15,Jasonview
a85af76c-7d5f-45fc-a980-5acf65a8a364,Running Shoes,Sports,508.39,8,4067.12,2024-03-23,New Alexisside
c7dd1131-0f6b-40f2-bd25-433330f94edd,Headphones,Electronics,793.06,2,1586.12,2024-03-06,New Sarah
3968995d-7674-489c-a2aa-0adcb1c52bd4,Tennis Racket,Sports,55.1,3,165.3,2025-02-15,New Randystad
37af8b51-f727-49c3-8f15-8482176e470e,Running Shoes,Sports,719.1,1,719.1,2025-01-22,New Clinton
f8732be7-1905-434f-b14f-47d8ae89d609,Shoes,Clothing,727.93,1,727.93,2024-10-03,West Juan
e4c0a9f0-7b9f-4f23-be42-0be187e61156,Lipstick,Beauty & Health,696.29,3,2088.87,2024-03-11,Port Dana
28c615ae-ed85-4d52-a37f-b0833281f93f,Laptop,Electronics,100.81,6,604.86,2024-02-26,Coffeyton
be360997-f45f-48dd-af44-02d142de74e6,Blender,Home & Kitchen,306.06,9,2754.54,2024-10-19,Ralphshire
9b11622e-9ab4-4fac-8d7c-cf83b2d83a07,Yoga Mat,Sports,948.1,7,6636.7,2025-02-10,West Andrew
0acb5667-244a-443c-9a71-a5b38f1562a5,T-Shirt,Clothing,806.22,2,1612.44,2024-11-21,North Matthewbury
8c26c05e-aea1-434b-aa46-c52b471ef20d,Headphones,Electronics,145.54,5,727.7,2024-04-30,Kevinberg
7578ceab-fc22-494b-b470-a44711fb293a,Perfume,Beauty & Health,363.66,6,2181.96,2024-10-30,Riostown
e0ed88df-c980-417b-ae9b-c0f72fc8a1a7,Shoes,Clothing,94.5,4,378.0,2024-03-28,Port Daniellebury
90a85a1d-ea23-4dd2-8e84-4e5a96ec69c9,Sunscreen,Beauty & Health,355.08,3,1065.24,2024-05-03,Colemanland
5a289077-1c03-4248-917a-aaedd4bb4ce3,Toaster,Home & Kitchen,489.73,9,4407.57,2024-12-14,Woodmouth
e30160a1-8176-4ed3-821d-892b0476e289,Sunscreen,Beauty & Health,349.94,5,1749.7,2025-02-11,Samuelton
e6c18be0-f6f7-4036-aa57-df6297eb92db,Microwave,Home & Kitchen,162.6,3,487.8,2024-10-31,Emilyview
b92a9cb4-f3ad-4e5d-8caf-77d1db4522ee,Sunscreen,Beauty & Health,305.68,5,1528.4,2024-03-06,Codytown
2bab5dd7-f64b-462d-9586-4d481de5ff43,Dumbbells,Sports,61.96,3,185.88,2025-01-20,West Anthonyborough
7741ed35-4ae6-4e9b-9d41-962a2909c1f3,Dumbbells,Sports,229.11,5,1145.55,2024-12-19,Chambersport
840a69eb-dfbe-4015-8524-80bf8a4d8303,Dumbbells,Sports,741.68,7,5191.76,2024-04-08,Nelsonstad
d5bcd5a3-58cd-4a27-a615-1bdb68c0ee2b,Perfume,Beauty & Health,75.61,5,378.05,2025-01-09,Smithburgh
8f688119-7feb-4bc7-ba63-69666a0a680b,Vacuum Cleaner,Home & Kitchen,760.02,5,3800.1,2024-08-16,East Monica
f31132d9-80a1-4085-b48d-d06a8884d0c6,Dumbbells,Sports,824.97,4,3299.88,2024-08-17,Melindaborough
3bbf1303-f75d-4d05-9e55-92cc5a52e84b,Coffee Maker,Home & Kitchen,966.81,3,2900.43,2024-02-29,Lauraton
124a8465-d6e6-4a1f-acb9-d92cee88a0a1,Smartphone,Electronics,451.99,6,2711.94,2024-03-07,Alexandriachester
6744a1c1-a96d-4e39-a5fd-3cfbd5b69117,Sweater,Clothing,236.22,2,472.44,2025-02-10,East Robert
c92dc0d1-cd64-4dc6-b84b-a0354d0e20e0,Toaster,Home & Kitchen,234.02,4,936.08,2024-09-05,Port Tonya
ee3a92d4-a61e-489e-9025-b957d7a21c85,Jeans,Clothing,821.69,8,6573.52,2025-01-12,Lake Aaronfort
c135fcd5-e355-41f8-b7e7-91b6aed3d2bb,Face Cream,Beauty & Health,992.81,3,2978.43,2024-10-05,Susanburgh
ab9cde9d-39ad-45d1-a408-4890eea8ebc4,Face Cream,Beauty & Health,816.62,2,1633.24,2024-11-01,Lake Marymouth
afe365b6-c331-451f-887e-bdc4d77b17f7,Smartphone,Electronics,307.6,5,1538.0,2024-08-13,Catherinemouth
618c8e8d-479f-4959-9d3b-d71ac019779f,Perfume,Beauty & Health,620.91,9,5588.19,2024-04-04,East Mckenzietown
465ed6c7-1157-4bce-8575-fc5d32a36508,Dumbbells,Sports,755.59,7,5289.13,2024-10-09,North Brian
b4b78732-1ff6-4337-9de8-faafcadc0976,Smartwatch,Electronics,644.8,6,3868.8,2024-06-06,Townsendchester
73e5a7ec-6670-4af1-8f42-f6f6df30aa06,Basketball,Sports,222.82,7,1559.74,2024-06-02,South Mary
473faf74-22fe-41f8-b98d-45d7e32e137a,Microwave,Home & Kitchen,498.96,3,1496.88,2024-12-07,Jamesborough
a0eaa073-946f-49b8-abda-66341f34cb94,Shoes,Clothing,742.99,9,6686.91,2024-08-14,Ramirezville
78716d20-11a2-461c-a67f-edfe6d1e149d,Smartwatch,Electronics,481.48,1,481.48,2024-06-07,Port Derek
d848aeb1-8f10-488e-8192-d0962d8812d5,Dumbbells,Sports,994.71,9,8952.39,2024-07-15,Port Marie
e51dd95e-52b2-4678-8231-283ff69d4c37,Running Shoes,Sports,951.42,1,951.42,2024-04-13,Jesseland
03ded75f-2fe9-4b3d-b206-f7102fe739be,Basketball,Sports,438.6,4,1754.4,2024-04-10,Zimmermanside
656de24e-f67a-4747-aeb4-4feb41c9bf1c,Smartwatch,Electronics,716.78,5,3583.9,2024-03-06,West Madisonstad
53f823d7-b79e-42c0-a42f-c44576a327a5,Tablet,Electronics,856.17,8,6849.36,2024-09-22,South Andrew
8d23a7a6-0ebe-4022-9d0e-da85b85303fd,Shampoo,Beauty & Health,245.04,7,1715.28,2024-12-22,Lake Victoriahaven
f9fa3026-06fb-4c40-9d53-797aa9552d9d,Jacket,Clothing,503.49,3,1510.47,2024-09-06,Erikaview
24220bbf-4f83-4668-a2fc-df35b120e528,Tablet,Electronics,366.67,5,1833.35,2024-06-08,East Johnnyside
d8c3f6a8-11d9-4671-826e-b2760fa424e2,Toaster,Home & Kitchen,921.32,8,7370.56,2024-08-05,Butlerstad
82327842-0a91-4fb8-9150-010b84f557b4,Toaster,Home & Kitchen,888.86,3,2666.58,2024-10-26,Port Rachel
5eb96257-f432-42ac-a163-0e5dc1106d16,T-Shirt,Clothing,865.84,3,2597.52,2024-04-03,West Kristenbury
a31398a8-764a-46f6-86e7-f7ad59d0f881,Smartphone,Electronics,841.02,7,5887.14,2025-01-02,Lake Heathermouth
8019dcee-cba5-42e2-ae7d-174839baf1b0,T-Shirt,Clothing,788.4,6,4730.4,2024-03-09,West Melanieberg
e92f2e39-0c4e-4c42-9863-7a128bc855ce,Perfume,Beauty & Health,984.79,8,7878.32,2024-11-29,Kingburgh
7c630c4b-53a5-4e7f-b77e-a171fc9d6e9a,Basketball,Sports,680.77,6,4084.62,2024-06-26,Port Alexis
075583dc-3c61-450a-b447-5e9f52b48efe,Shampoo,Beauty & Health,490.11,8,3920.88,2025-01-25,Deannabury
c75fb2f3-3d92-4bc0-af40-4e019a218d43,T-Shirt,Clothing,201.12,7,1407.84,2025-01-07,Jasonstad
2664f617-9deb-4c9b-9aea-f6271f3ca572,Lipstick,Beauty & Health,549.08,9,4941.72,2024-08-12,Haneyfort
f799cafd-346d-4d44-8588-6d75d1eb1443,Tablet,Electronics,98.96,7,692.72,2025-01-04,East Alexanderport
4269483e-3327-43a0-b07d-605a8f7e1d64,Tablet,Electronics,546.37,5,2731.85,2024-11-15,Yvonneton
9a4a5eeb-9a68-4518-93eb-2a1c6106d5a2,Vacuum Cleaner,Home & Kitchen,207.76,5,1038.8,2024-03-04,North Donna
23cec5ad-8aea-47b8-a7f6-12187ac46231,Lipstick,Beauty & Health,144.46,1,144.46,2024-09-13,Lake Brendaside
35029697-edf3-4b31-aac7-0f46aa01506b,Smartwatch,Electronics,870.66,6,5223.96,2024-09-23,New Zachary
f43a77d0-6eca-4106-a4e8-6d22712053a0,Tennis Racket,Sports,363.14,7,2541.98,2024-03-01,Mcdanielberg
0d4d52a8-4758-4ae1-afce-3d75dff41835,Jeans,Clothing,587.26,2,1174.52,2025-02-25,Jonathanberg
23ad55bf-ba43-48b3-8869-d1f4fc608ad9,Microwave,Home & Kitchen,807.91,7,5655.37,2024-02-28,West Kathryn
89016929-957c-4d03-b40f-07e80abd0b15,Face Cream,Beauty & Health,819.16,1,819.16,2024-10-14,Melissabury
7f5e823f-6f38-4c2a-a9b6-e053111072b1,Tablet,Electronics,338.6,5,1693.0,2024-06-30,Phelpstown
f319c12f-ce14-4a08-bbd1-600fd473fe20,Blender,Home & Kitchen,809.67,6,4858.02,2024-11-06,Lake John
37bb286d-bae6-4fdb-8bfa-0f4c4df846b9,Sunscreen,Beauty & Health,583.07,8,4664.56,2024-12-09,Russellberg
743f74e8-2ad9-41fb-bec0-4caa8e64b809,Shampoo,Beauty & Health,556.97,5,2784.85,2024-10-25,Lake Robert
ff0ac4ff-bcbf-43c9-a79e-4762cada655f,Sunscreen,Beauty & Health,681.52,1,681.52,2024-05-03,Hoffmanburgh
0d395cf9-3f6a-4440-b881-0924b10331a5,Smartwatch,Electronics,16.7,5,83.5,2024-03-14,Halebury
62fa4bc3-e753-4a3c-a1fc-5f3edc7232bb,Shoes,Clothing,315.7,6,1894.2,2024-03-12,Brownfurt
9f801e64-372b-43c7-a06e-d7e16ff6df70,Coffee Maker,Home & Kitchen,735.04,9,6615.36,2025-01-22,Garciastad
f7ea2820-b40f-4c5b-8ec0-f374a9f78720,Sunscreen,Beauty & Health,711.09,9,6399.81,2024-04-28,Port Cynthiahaven
e2a1c4c0-9b21-44bc-b261-3d74d4347759,Headphones,Electronics,802.43,6,4814.58,2024-08-27,Lake Joseph
4c9e694f-5cd5-48c7-bef0-4ccfdf35a2b7,Tablet,Electronics,591.96,8,4735.68,2024-05-19,New Kayla
6e022088-a1c3-4023-98e3-ec21894eeef5,Toaster,Home & Kitchen,989.18,6,5935.08,2024-10-29,Jessicaside
199b31a2-520f-441a-b4a6-29d1a6cc3a55,Blender,Home & Kitchen,250.29,9,2252.61,2024-04-05,Port Tracyton
93a421a9-c42d-4279-b55c-6d4a94ed21f6,Shoes,Clothing,727.69,4,2910.76,2024-09-30,Annaview
717b25f0-8e64-4db0-9511-f5bdddf6d598,Sweater,Clothing,501.97,2,1003.94,2024-10-19,Markborough
0c7082fe-3d72-4a7a-ba3a-265ff1904b52,Yoga Mat,Sports,879.92,6,5279.52,2024-10-01,South William
6a221a2d-a15a-404a-921f-796b81c964d9,Sweater,Clothing,194.01,6,1164.06,2024-11-14,East Jennifer
671923a1-4717-473f-8b05-3333b859c2ec,Headphones,Electronics,285.59,2,571.18,2025-01-05,Williammouth
dec98e79-c163-402a-98f0-5b6302983339,Coffee Maker,Home & Kitchen,41.34,8,330.72,2024-12-01,Brooketon
bf91167c-0e8f-4c18-8b55-8b3d9a60b24d,Laptop,Electronics,808.67,3,2426.01,2025-02-03,East Dorisport
ea1730eb-70f0-414d-9040-bb287084a3e7,Lipstick,Beauty & Health,789.93,7,5529.51,2024-03-31,Rodriguezfurt
8999e8bd-0e5f-4c96-9cdd-8723aaad54ee,Basketball,Sports,986.58,2,1973.16,2024-11-19,Thomaston
c255b66e-b923-4f95-b1e3-ffb616d07a05,Yoga Mat,Sports,997.41,4,3989.64,2024-05-17,Jacksonville
0519ad12-c6df-4769-b97c-5ad02980a1a1,Toaster,Home & Kitchen,711.16,5,3555.8,2024-03-22,East Richard
2977fc70-2639-418e-b08e-c0f663308ad2,Dumbbells,Sports,158.7,9,1428.3,2024-12-23,Gabrielamouth
c6c615ba-c245-40b0-915f-19222900b87b,Smartwatch,Electronics,944.4,5,4722.0,2024-07-27,South Cynthia
de416ec3-ef50-48ee-91dc-16b492f908b2,Blender,Home & Kitchen,673.8,3,2021.4,2024-05-10,Butlerborough
162d0008-c7bd-4988-a87e-cd5952521721,Running Shoes,Sports,246.24,5,1231.2,2024-06-30,North Heathertown
d3c2b271-e927-4255-8a2c-fbc0a2108c6c,Smartphone,Electronics,953.23,5,4766.15,2024-06-12,Danielbury
a8be11fd-ac02-4507-b196-6e30eba38cd7,Lipstick,Beauty & Health,33.0,5,165.0,2025-01-21,Austinton
424d44c9-ee44-4a8e-9229-cdde2f00475d,T-Shirt,Clothing,332.69,9,2994.21,2024-03-09,Mcculloughton
eeba4090-be84-45ec-9e87-c5a2e743487a,Shampoo,Beauty & Health,821.56,1,821.56,2024-03-06,Port Susan
fbf8b94a-ea14-43ff-ae3b-db241a03e932,Headphones,Electronics,101.33,1,101.33,2025-01-10,Donaldview
d54ee023-8a04-4518-a4d4-e2fc479115a1,Jeans,Clothing,342.29,6,2053.74,2024-06-08,South Shaneshire
4dd7694f-fc2e-4935-a017-43225a1e370e,Headphones,Electronics,846.54,3,2539.62,2024-06-10,Ashleyhaven
6830e243-f109-4f3b-aaff-4e50c9c826aa,T-Shirt,Clothing,876.11,9,7884.99,2024-05-01,North Lisabury
54918e45-ef6c-4d8b-8f1d-e20504576f56,Microwave,Home & Kitchen,422.39,8,3379.12,2024-09-27,West Dianetown
150e2983-ec37-40b5-92d6-121cabf550b7,Lipstick,Beauty & Health,304.99,2,609.98,2024-05-17,South Courtney
45a4abf3-5599-4cc4-a1f8-3c6b1c6e62d3,Microwave,Home & Kitchen,284.97,9,2564.73,2024-10-26,Lake Stefaniemouth
f338f5f2-ab24-4273-b508-28f001cbed25,Smartphone,Electronics,52.79,1,52.79,2024-06-18,Gabrielleborough
a6b92efc-23b5-4684-9530-1c2ae62d7df8,Running Shoes,Sports,498.16,3,1494.48,2024-03-17,New Bradleyberg
2d23acd8-fd8f-4aad-9cfa-868de288dd34,Smartphone,Electronics,799.82,7,5598.74,2024-08-23,Wrightberg
8d9f2408-4bef-45a9-ac42-8630f88173b5,Basketball,Sports,852.75,5,4263.75,2024-09-12,Williammouth
3bb78262-2074-4286-ae02-aacbb8767e93,Headphones,Electronics,756.56,6,4539.36,2024-05-26,North Ashley
47ad46e6-e963-402c-9e5e-f7a0a7e29f14,Headphones,Electronics,817.17,7,5720.19,2024-03-13,East Rebecca
27bcf5b0-fd40-4b7f-8b95-f5eb15e26552,Dumbbells,Sports,733.11,6,4398.66,2024-03-30,Brookemouth
c02c19ae-f2bb-4a01-a7f8-2778f084f4a5,Laptop,Electronics,593.61,2,1187.22,2024-08-19,North Lisaton
e5907b2c-5456-4581-b703-9596f300a98d,Jacket,Clothing,870.23,7,6091.61,2024-10-12,Hammondview
09ec7152-8de2-46ae-aaac-a1cf13a9d1e6,Running Shoes,Sports,289.28,1,289.28,2024-06-22,Suareztown
482d3b89-8a85-489a-985a-0111fbdf593d,Sweater,Clothing,179.81,4,719.24,2024-09-15,Lake Mikestad
8bce8516-c3bf-4688-859d-9517f456bdec,Lipstick,Beauty & Health,598.88,6,3593.28,2024-05-12,Coleview
a3542c0f-767c-425d-b83c-680933b47a10,Yoga Mat,Sports,404.47,1,404.47,2024-06-18,Jeanneville
fa9edd2f-4b84-4660-9174-32c959b307e3,Lipstick,Beauty & Health,296.01,9,2664.09,2024-05-02,Porterchester
7bae7111-201d-4a6b-b5e0-9578eb2484fe,Shoes,Clothing,656.75,5,3283.75,2024-04-14,Lisachester
220d9074-6161-41ab-b6ec-45503c51382f,Laptop,Electronics,727.43,9,6546.87,2025-02-12,Rileyborough
da182694-40d6-4d25-9893-90a38043d08b,Microwave,Home & Kitchen,305.89,8,2447.12,2024-07-08,New Jacobfurt
1a24bbd2-f3d3-4003-a060-8f94ea22d20c,Dumbbells,Sports,997.27,8,7978.16,2025-01-21,Youngstad
05a429b4-a1a0-4467-a5a1-d96d1c58b921,Sweater,Clothing,299.34,5,1496.7,2024-11-01,Ericville
9b93fe61-5c2f-4b1c-b0a4-578a2bc4bb9c,Shampoo,Beauty & Health,885.91,6,5315.46,2024-12-27,Heatherport
5c39a462-15c3-45f7-957b-2896843bcdf6,Yoga Mat,Sports,449.26,6,2695.56,2024-03-19,Dawnfort
e8323686-c2c7-4d34-8c76-5fbf107a2b09,Tablet,Electronics,826.43,1,826.43,2024-04-15,North Crystal
c9dd19e6-fa1c-4dd9-826d-27c8698594ad,Coffee Maker,Home & Kitchen,113.52,7,794.64,2024-11-26,Carpenterchester
c942e8f6-f2d5-48c5-8bc0-a96476fb6c51,Shoes,Clothing,269.19,8,2153.52,2024-12-30,New Sara
e699983e-6f1e-4561-ae07-6a33ebb6d664,Toaster,Home & Kitchen,464.98,9,4184.82,2024-09-12,Jessicamouth
f6b969da-fe97-4572-92b0-8165217a7810,Basketball,Sports,938.46,3,2815.38,2024-05-13,Butlerfort
af51ffc9-47bd-470f-9a3e-afcab36cc846,Vacuum Cleaner,Home & Kitchen,78.45,9,706.05,2024-07-01,Andrewville
16a987dd-5014-4212-b614-771be8193d4a,Lipstick,Beauty & Health,480.27,9,4322.43,2025-01-08,Port Coreymouth
e5fce5ca-5495-422e-9e40-5e3a5d448fef,Basketball,Sports,439.15,2,878.3,2024-12-16,Rodriguezton
cb1fd7f9-ba2d-4ec7-bc8f-552766a983e2,Smartphone,Electronics,835.26,9,7517.34,2024-05-26,West Edwardborough
27af29f7-af43-454b-8958-d756db3b390d,Blender,Home & Kitchen,545.88,5,2729.4,2024-03-08,Onealfort
f243bf66-99cf-4cc9-b3b8-686ad88ca1e7,Coffee Maker,Home & Kitchen,919.64,8,7357.12,2024-11-08,Brownberg
e2865785-0e0c-4b5a-8247-2ecc94f0e9e3,Lipstick,Beauty & Health,426.32,8,3410.56,2024-04-25,South Kevin
96f363f2-964c-488b-becb-492d955d0a1d,Smartphone,Electronics,971.99,9,8747.91,2025-01-17,North Kristen
f511645b-70d7-4725-945c-798029c3b8f3,Coffee Maker,Home & Kitchen,254.3,4,1017.2,2024-11-25,East Daniel
e6e07819-13a0-4128-8e6b-cfa6b859fcf3,Basketball,Sports,535.73,8,4285.84,2024-06-15,Martineztown
d38ec12e-7388-45aa-baee-510b77e20faf,Basketball,Sports,279.19,4,1116.76,2024-05-16,Donnabury
d316dcf3-3e70-471f-846a-641d728842dd,Laptop,Electronics,64.52,6,387.12,2025-01-09,Jasonland
97e4e430-deed-4b0b-9a65-5d8f581cf4d3,Shampoo,Beauty & Health,861.53,2,1723.06,2024-07-02,New Dylan
0cd6bfb2-4878-42b5-9092-dc64047959ee,Sweater,Clothing,960.93,8,7687.44,2025-01-31,Warrenton
ceb00874-acfa-43ca-ace4-90c2d5fceb6c,Headphones,Electronics,831.03,8,6648.24,2024-07-05,East Brianafort
82277b73-d2a4-4693-b051-c866bddc4191,Sweater,Clothing,884.88,1,884.88,2024-10-15,North Brandonchester
569accf7-9841-4dbe-9927-42e6dc48fd7d,Yoga Mat,Sports,27.29,5,136.45,2024-10-19,Simpsonmouth
1c22c869-c679-4aaa-87dd-7d8b0032eee5,Yoga Mat,Sports,283.78,4,1135.12,2024-11-12,New Sethburgh
3ab41256-eb53-406d-be50-a6d51c62a1f4,Tennis Racket,Sports,394.33,4,1577.32,2024-03-29,Mitchelltown
e669a9af-8cb7-4541-934a-9dfddfa48884,Running Shoes,Sports,349.69,9,3147.21,2024-04-25,Port Brandyland
0bc6331e-6d18-4c97-ad8e-8ae2b4ac0e7f,Tablet,Electronics,54.5,4,218.0,2024-04-17,Millershire
6abec0f1-e048-4cde-a61d-875f092ba7d3,Shampoo,Beauty & Health,51.11,7,357.77,2025-02-21,Shelbyview
96310255-58e6-4e78-96dc-1ae0500635fa,Perfume,Beauty & Health,463.41,2,926.82,2024-08-26,East Paulstad
869425be-337f-4163-8a45-89d2b9a5deba,Smartwatch,Electronics,950.27,1,950.27,2024-08-14,North Lisa
874d6014-14fe-4edb-84ee-cc031acd692b,Lipstick,Beauty & Health,736.45,6,4418.7,2025-01-10,Adriennehaven
dd5181e6-5689-49f0-821c-7cd57c7058be,Jacket,Clothing,696.25,6,4177.5,2024-07-28,Stephaniechester
068a9309-6fc9-469a-ae06-00ae1c8f19f2,Shampoo,Beauty & Health,252.55,9,2272.95,2024-03-23,South William
295d69b1-d11b-4cb5-8635-1d4ea8d19f1b,Sunscreen,Beauty & Health,974.43,7,6821.01,2024-09-03,West Catherinebury
89482665-8ca1-4a90-8161-251eb90f6673,Face Cream,Beauty & Health,871.33,3,2613.99,2024-05-29,South Jessicaville
719370e7-6c42-476a-a1ec-8082774e1308,Shampoo,Beauty & Health,891.61,3,2674.83,2024-10-12,Gilbertberg
05ca259c-087a-4e9f-82f0-3894f37a3d70,Vacuum Cleaner,Home & Kitchen,975.13,2,1950.26,2024-11-06,Saramouth
3ff442b7-4619-4bfc-9120-9a746679e4de,Tennis Racket,Sports,897.08,1,897.08,2025-01-12,Ashleyside
75386c70-0be1-4a9c-822a-797389f8fc2e,Vacuum Cleaner,Home & Kitchen,174.73,4,698.92,2024-09-23,Brownmouth
2d2c47c2-b762-4a99-ae51-9c3ce0a86199,Face Cream,Beauty & Health,843.7,4,3374.8,2025-02-01,Thomaston
d745c9f0-74fb-4818-af5f-142a5ef0726b,Sunscreen,Beauty & Health,244.84,7,1713.88,2024-04-29,Reedchester
a6c45d59-8e3c-483f-99b0-731d6e746845,Laptop,Electronics,784.09,6,4704.54,2024-09-28,Paigestad
5edf46b9-1a3f-4fa3-bbee-9d7457dc4f87,Toaster,Home & Kitchen,528.49,7,3699.43,2024-05-12,Lake Christophertown
46bd4258-b7f2-49ca-966c-d4bed149b64f,Vacuum Cleaner,Home & Kitchen,899.79,2,1799.58,2024-09-22,New Willie
1c169325-d7df-45d9-9c48-5dd9a423caa6,Smartphone,Electronics,659.41,2,1318.82,2024-04-28,Fryeborough
a367ef91-aecc-47d6-bb5d-8d5879f107e4,Headphones,Electronics,107.93,8,863.44,2024-12-23,Caldwellland
47e667fc-89a2-4482-9d4e-f5fc2f79e19a,Jacket,Clothing,824.09,8,6592.72,2024-10-20,Richardburgh
76cc05b8-fe24-4f04-ba39-698bd9d7e9af,Perfume,Beauty & Health,359.69,7,2517.83,2024-12-22,South Jennifer
8fa7ddea-07c5-42d3-a901-879482e4241a,Shampoo,Beauty & Health,48.56,6,291.36,2025-02-07,Princeburgh
1aeea69f-3e9b-4b8d-8d05-55e0997b23ec,Coffee Maker,Home & Kitchen,468.91,1,468.91,2024-09-23,Beverlybury
7ec3c1ab-8f9e-4c8e-be20-3f5fa5ad6141,Jeans,Clothing,104.31,4,417.24,2024-10-07,West Matthewfort
8484ef15-ed63-48ba-9ec0-951267eac3a6,Laptop,Electronics,47.18,9,424.62,2025-01-17,Port Anthony
8cceca89-d17c-495b-9e3b-0fafa27be260,Jeans,Clothing,989.87,7,6929.09,2024-05-10,Noahside
975be06d-1811-4c61-aa0b-b5da12677801,Laptop,Electronics,342.32,4,1369.28,2024-09-20,Douglasview
1f3be12a-884e-47cf-b915-47ff332958b9,Blender,Home & Kitchen,712.56,4,2850.24,2024-04-30,Jonathanshire
5de7a1f3-fb33-439d-a512-6ebd1dc2aae9,Laptop,Electronics,958.93,4,3835.72,2024-04-28,Lake Cynthiatown
2a1eddff-59d1-4762-b9ff-5b554b91cf27,Sweater,Clothing,970.12,1,970.12,2024-09-15,Theresafort
6d8ae267-0b35-47bf-b0bc-d75e4d7f9cd6,Toaster,Home & Kitchen,588.62,6,3531.72,2024-06-04,Kevinmouth
3b6d6e3b-ad5b-4e77-86e6-dc5cc31a8a39,Lipstick,Beauty & Health,262.5,4,1050.0,2024-03-31,Noblechester
007685f1-2d05-4912-a8eb-4b95a86571c5,Toaster,Home & Kitchen,980.39,6,5882.34,2025-01-27,Langmouth
9e69277a-1cb8-4a95-b43a-eb599137c633,Smartphone,Electronics,370.66,6,2223.96,2024-10-24,Kingburgh
7bb03e1c-2f0d-48dd-9e71-0734ad771fa9,Jacket,Clothing,323.49,8,2587.92,2024-06-25,Franciscotown
611ea1f7-6b34-4664-93b1-61835d5698aa,Blender,Home & Kitchen,339.79,1,339.79,2024-02-26,Kellyville
48602831-5e7b-4c93-8161-d56181a70ef8,Dumbbells,Sports,956.83,9,8611.47,2024-03-15,Beardport
4d955311-4f87-4a12-97be-44eeab7e3ec9,Laptop,Electronics,189.63,9,1706.67,2024-08-25,North Cody
817cfb6f-ea80-463d-8db7-93eb6b22de4a,Basketball,Sports,582.75,9,5244.75,2024-11-03,New Randyside
503243bb-3ab0-4ddc-b578-d3b488078842,Running Shoes,Sports,142.41,9,1281.69,2024-03-24,Hartfurt
1c693d56-d56a-441f-a109-a25b9d871389,Jeans,Clothing,546.2,5,2731.0,2025-01-26,Meghanborough
813b2942-6d13-44e6-94ec-ac535bca7aef,Sunscreen,Beauty & Health,699.14,9,6292.26,2025-02-05,West Brittanybury
6dbb5107-d4c0-488d-bcb9-a06edb70b14b,Blender,Home & Kitchen,13.16,3,39.48,2024-09-16,Lake Keithstad
46c11170-95aa-46a3-9907-4b102adb9ec4,Shampoo,Beauty & Health,157.04,1,157.04,2024-04-24,South Katelynborough
12556e90-509a-498b-8103-600612e1a5be,Microwave,Home & Kitchen,834.73,8,6677.84,2024-06-09,Susantown
0d1ade36-1de5-407c-8e3c-a08929cdf136,Sweater,Clothing,759.89,7,5319.23,2024-04-13,North Nicholasport
0ccb1594-9554-48f4-a9d0-4c06839f25c8,Lipstick,Beauty & Health,305.54,3,916.62,2024-07-14,East Christineburgh
91b6eda6-e4df-4f27-838e-2af666d5ad9b,Jeans,Clothing,697.71,4,2790.84,2024-06-26,Smithbury
5f2ac18f-0bd6-4d63-a07d-0f8f4b5acd2a,Toaster,Home & Kitchen,932.39,7,6526.73,2024-09-05,Wrightstad
560314e8-b8a2-409c-951f-4cf0e698918d,Toaster,Home & Kitchen,189.95,1,189.95,2024-12-04,Michaelberg
448c4751-9bc2-45b1-bc4a-28de71e259d9,Yoga Mat,Sports,883.88,2,1767.76,2024-12-19,Davisside
1cb6ba8e-e0e0-410d-aa9c-e245ed40632f,Face Cream,Beauty & Health,582.2,4,2328.8,2024-05-08,Port Markton
6adaa7d7-89e8-482c-b01c-7586e620113f,Laptop,Electronics,701.8,6,4210.8,2024-10-30,Joneshaven
c4e35562-353c-4b79-bb88-47eb7e2ffcd8,Dumbbells,Sports,766.68,7,5366.76,2024-05-26,Port Melissa
908ee69a-baec-4eb7-b143-c8d8ba83e139,Laptop,Electronics,999.31,3,2997.93,2025-02-01,West Melissatown
175e1a5c-82ae-4e46-8ef5-2519908b8245,Basketball,Sports,966.38,7,6764.66,2024-11-07,Rebeccahaven
d1f053eb-b99f-455e-8242-b12a2f8a8d4f,Vacuum Cleaner,Home & Kitchen,770.22,4,3080.88,2024-12-24,Port Kim
9e2bffdf-53ec-4799-b653-648325f4e6d3,Jacket,Clothing,41.89,4,167.56,2025-01-07,Alexanderhaven
ea93f0fb-cc41-4106-9785-2aa88e0bef76,Toaster,Home & Kitchen,894.52,3,2683.56,2024-03-14,Lake Marc
07bd9441-0f1e-4f1a-94e2-7a688fe11035,Microwave,Home & Kitchen,854.36,4,3417.44,2025-02-18,South Allenbury
ed14126f-2307-4ff5-9d5b-1e7b8967377d,Dumbbells,Sports,272.96,3,818.88,2024-12-03,North Natalieport
f9e79c58-d10e-421b-9b77-2d2c6af9b95a,Tablet,Electronics,10.8,6,64.8,2024-04-05,Matthewfurt
343e2772-e85a-49e3-ab46-642d133cc0ca,Jeans,Clothing,571.2,7,3998.4,2024-04-10,Lake Crystalshire
06c0a185-ad27-4d58-88de-c6cdfebb40bc,T-Shirt,Clothing,666.44,9,5997.96,2024-09-23,East Andrew
3f5653c1-726f-402c-a50a-2aa2ea40b58f,Headphones,Electronics,77.42,1,77.42,2024-04-07,Foxton
2104d5fb-72a7-4685-9935-341aee6f4f50,Coffee Maker,Home & Kitchen,914.6,5,4573.0,2024-10-24,Sotochester
8063e598-90b8-4534-921a-f3194760aa19,Jeans,Clothing,467.77,6,2806.62,2024-05-20,Joshuaborough
e6ac142e-06e3-4741-afdb-1cf8ac0f629f,Yoga Mat,Sports,221.73,8,1773.84,2024-11-21,North Chloe
f41aba9b-0395-4cc2-a363-62a4c5cfcd80,Tablet,Electronics,518.87,1,518.87,2024-06-05,Andersonborough
27b3d59d-df71-46fc-ab91-bc3bdc6b3c5c,Lipstick,Beauty & Health,971.63,1,971.63,2024-12-03,Keithchester
5b076025-9e2e-4737-9014-e6164892228f,Jeans,Clothing,916.63,5,4583.15,2024-12-23,Sullivanmouth
2d4605f2-2db8-4a46-9dd7-4dd67fc2555b,Yoga Mat,Sports,563.17,8,4505.36,2024-04-18,West Randyville
1ed4316f-20ae-4deb-b9a4-78288398c2ec,Perfume,Beauty & Health,111.85,8,894.8,2024-04-17,East Amanda
fce3c286-0c57-4a2b-8ca5-f592dd3a9c70,Tablet,Electronics,421.73,9,3795.57,2024-05-05,Jamesshire
0cc969db-2a0a-4b06-a1bb-3a7a7763e49b,Sunscreen,Beauty & Health,377.35,7,2641.45,2024-11-16,Lake Donald
f1eb82e5-3711-4837-9f6f-e44a779fdc86,Lipstick,Beauty & Health,918.52,4,3674.08,2024-08-10,Lake Joshuafurt
f70694e6-b443-48fe-a546-c2ce2e4f6ea7,Running Shoes,Sports,960.46,6,5762.76,2024-10-03,East Margaret
dd75a396-e556-425c-8a73-8f932c34f4bc,Smartwatch,Electronics,90.95,7,636.65,2025-01-27,Lake Michele
30315591-6f26-4740-bea0-7b9850038e55,Shoes,Clothing,768.27,8,6146.16,2024-07-14,East Gilbertside
8112ff80-13fb-4c2f-85a1-0717dd9e4a21,Blender,Home & Kitchen,885.49,6,5312.94,2024-09-21,South James
a12d7304-55d1-49a3-bd8d-2bde7c611a9d,Blender,Home & Kitchen,203.08,6,1218.48,2025-01-06,North Danielleton
c8673e51-b0f7-4e16-b3ac-f60f08bf5c7b,Shoes,Clothing,875.39,4,3501.56,2024-12-31,Amyburgh
e4dd2dd1-2ef4-4f77-947b-d9143674de20,Jacket,Clothing,675.21,9,6076.89,2024-06-18,South Sarah
891344a9-87e5-478a-a108-af079c25b962,Running Shoes,Sports,226.83,8,1814.64,2024-04-06,Stacyberg
13084c6c-0fb9-411b-ab11-ae4acde31f24,Face Cream,Beauty & Health,925.3,7,6477.1,2024-03-20,Hallburgh
829e7181-261d-48b5-af11-efb31f7e0efa,Lipstick,Beauty & Health,963.15,7,6742.05,2024-08-31,Robertatown
1763d643-9db3-44f9-a519-479cea5db4e6,Tablet,Electronics,577.29,7,4041.03,2024-05-06,Pinedabury
5efb407c-879b-40ff-a9a2-cd4fcc9e9da0,Tennis Racket,Sports,105.54,8,844.32,2024-07-27,West Dominic
ebbe85bd-d2d4-4372-8db6-f1e82572ddee,Perfume,Beauty & Health,230.99,7,1616.93,2024-08-29,Shellymouth
0bdb6fdb-9549-4a06-8112-7235b819acd7,Toaster,Home & Kitchen,423.89,8,3391.12,2024-11-13,Michaelstad
1197edee-8a76-4a93-9ab6-27c07c1230cd,Microwave,Home & Kitchen,215.13,1,215.13,2025-01-08,Eileenshire
191bc23d-769c-4b3e-9490-e20b85fb1f7b,Toaster,Home & Kitchen,120.17,1,120.17,2024-08-11,South Theresaton
84c81da0-52ef-4ba0-bda3-d13ba71845e8,Yoga Mat,Sports,122.35,9,1101.15,2024-03-18,Jessicaborough
1f36d20a-df23-462c-b0dd-6959afcf8566,Dumbbells,Sports,862.24,6,5173.44,2024-05-17,Sotohaven
84d6d771-f0ba-4593-be2d-d2b0a70153f3,T-Shirt,Clothing,468.06,6,2808.36,2024-03-11,Rodriguezmouth
3760ef16-f957-4912-9007-53d4ed52d62f,T-Shirt,Clothing,902.09,1,902.09,2024-11-21,Ianport
c5b98d12-ad36-475b-95ef-e703fc0aa1dc,Vacuum Cleaner,Home & Kitchen,412.71,5,2063.55,2024-08-04,Danielton
7278dd3d-dc91-47b4-9df4-6b620227af16,Shoes,Clothing,434.53,8,3476.24,2024-07-04,Heidimouth
714dfe70-6ce0-4e68-ab4c-760dba4fd09f,Microwave,Home & Kitchen,366.69,4,1466.76,2025-02-07,Reillyville
06aa6904-1212-4d24-8bc4-1cf2ecd9cacd,Dumbbells,Sports,230.55,3,691.65,2024-10-16,Port Meganton
905eba68-5016-4183-8672-49fee9f4f424,Yoga Mat,Sports,691.23,2,1382.46,2024-11-27,Danielsmouth
42c05f31-c0d3-4a10-95cf-571e4e94b2c6,Headphones,Electronics,895.7,1,895.7,2024-10-02,Higginsborough
bea431bd-285d-410c-9503-be51a92490a8,Sweater,Clothing,545.1,2,1090.2,2024-05-08,New Bradleyshire
3c235514-9558-4a4a-b740-f5dd6cc8933b,Coffee Maker,Home & Kitchen,996.18,4,3984.72,2025-01-11,Port David
509d02d4-c7b6-4d0d-9536-0bc78ba4cc47,Vacuum Cleaner,Home & Kitchen,854.08,1,854.08,2024-04-30,Amberville
4fd4b413-1fd0-4405-aef7-9ac0296df617,Shampoo,Beauty & Health,453.59,2,907.18,2024-11-01,Thompsonville
acbc31f4-7c4f-4c9b-be40-5933f908df2a,Tablet,Electronics,325.23,4,1300.92,2024-09-23,Leeville
96a5171d-a5f3-4146-b8c2-d33bfc8bb556,Blender,Home & Kitchen,709.15,8,5673.2,2024-10-18,Rowefurt
6f2aa2c0-58af-468d-8a35-ec2ae3fc785a,Smartphone,Electronics,364.95,8,2919.6,2024-08-20,North Lisa
a8991cc7-554c-4eb9-975d-5a2193d44ff8,Jacket,Clothing,650.58,1,650.58,2024-09-21,Lake Nichole
c8d2ce75-4a5e-4f75-98dd-14b3e4128810,Perfume,Beauty & Health,442.89,6,2657.34,2024-10-06,Raymondburgh
935e99e7-9324-420f-b05e-15df3ed82d6b,Headphones,Electronics,462.04,1,462.04,2024-05-26,Port Phillip
98192988-ad3c-45f8-bcd1-b40a2e648b6a,Basketball,Sports,673.58,1,673.58,2024-06-10,East Meredith
691803d0-c9f0-4a37-a702-e90a16788ac9,Face Cream,Beauty & Health,848.64,7,5940.48,2024-08-24,West William
a665fcb3-0e3f-4e96-a27f-5d1d5972892d,Coffee Maker,Home & Kitchen,592.59,7,4148.13,2025-01-01,North Alicia
d546fd84-9867-4f8c-81d1-c6909062756f,Sunscreen,Beauty & Health,289.78,9,2608.02,2024-11-21,East Raymond
51311415-7b83-4b8d-82a0-bcfc8e4c8e2d,Smartphone,Electronics,530.37,4,2121.48,2024-03-02,Connieshire
3eabcae9-6811-4301-952a-5f5146a6d2ab,Jacket,Clothing,809.73,2,1619.46,2025-01-10,Lake Laurie
76d21a1a-a885-4adf-ac68-2337c6158460,Basketball,Sports,857.69,1,857.69,2024-08-01,South Cheryl
75ebfbe4-add6-4e61-88c8-1169a5e6a1c9,Shampoo,Beauty & Health,316.27,3,948.81,2024-09-04,Evansburgh
6795a961-05f9-4f64-893c-31ef4e361b88,Toaster,Home & Kitchen,857.17,3,2571.51,2025-01-22,Haynesshire
d42d4be6-4010-4f8f-ad18-75ea3f6a9072,Tennis Racket,Sports,457.78,8,3662.24,2024-09-20,Hardingshire
327a32ca-3537-4929-afdd-8c5d9c8c9ff4,Perfume,Beauty & Health,890.95,8,7127.6,2024-04-30,South Melissaton
ba0d350a-bb10-43e7-8e3e-3e0b4790bc8f,Smartwatch,Electronics,337.23,6,2023.38,2024-03-25,East Matthew
5bfce8eb-4920-4153-b6c0-d1c2a0832325,Toaster,Home & Kitchen,86.31,1,86.31,2024-05-02,East Donnachester
9ca2e998-abfd-4bd7-b2e9-792eb6ea636b,Toaster,Home & Kitchen,372.38,6,2234.28,2024-12-26,Danielville
b210aced-6b79-4744-a1f0-d6c418d0aa26,Lipstick,Beauty & Health,465.62,9,4190.58,2024-05-30,Allisonland
48705e47-be6b-47a7-b277-b11595d19729,Lipstick,Beauty & Health,654.39,1,654.39,2025-02-23,Walshtown
68988db5-cfcb-4e56-ba07-d46cdc40c71a,Blender,Home & Kitchen,408.92,1,408.92,2024-08-26,Lake Tamara
ebba484c-ebce-46ae-b9f7-b5510c17444f,Basketball,Sports,208.38,4,833.52,2024-07-27,Michaelmouth
063338b6-1911-4bb7-b7c6-3359d6328020,Face Cream,Beauty & Health,674.87,2,1349.74,2025-02-16,Costaburgh
58573974-ef0d-403f-b518-2f634bc4fbeb,Headphones,Electronics,374.43,1,374.43,2024-05-19,Lake Katherineberg
1b22c396-0ff6-4193-9e23-a8b9a86e6ce5,Running Shoes,Sports,673.23,7,4712.61,2024-11-06,North Shane
ea166e47-2910-4b89-8264-f3de432cd42f,Running Shoes,Sports,466.09,7,3262.63,2025-01-03,Dustinville
21187a8c-4dfc-466d-a051-3e04326992f7,Basketball,Sports,531.41,6,3188.46,2024-07-05,Bradfort
b0b6785c-7df6-4170-9f39-a2778b5d7786,Perfume,Beauty & Health,370.54,2,741.08,2024-03-18,New Darleneberg
265a6015-ee63-42f5-be9b-3eeafcb3084f,Tablet,Electronics,603.0,3,1809.0,2025-02-01,New Melanie
d8952c0e-03ea-4c82-96e7-ab11dbde0362,Microwave,Home & Kitchen,416.81,7,2917.67,2024-03-19,Tamarafort
55b38531-9577-44cd-8032-088fd2569d9f,Jeans,Clothing,697.31,1,697.31,2024-10-20,West Jamesborough
fdfb921a-be3f-4908-a56d-eb94193e23b5,Tablet,Electronics,163.99,4,655.96,2024-07-11,East Tylerland
f3685b93-8cc5-457b-88e2-59463406dfe9,Tennis Racket,Sports,981.84,4,3927.36,2024-09-20,North Zachary
b2a0df9c-ef88-4449-9ac8-a25884db3f41,Jeans,Clothing,239.42,8,1915.36,2024-12-31,Port Rebeccaton
578c4421-03b0-47d7-8103-0ed6e4647024,Microwave,Home & Kitchen,242.58,6,1455.48,2025-01-18,South Ethan
8a729336-11ad-4de0-96b3-634e187ec68c,Dumbbells,Sports,962.04,5,4810.2,2024-04-18,West Kennethberg
4923fd10-5842-4564-bb7c-480cc34eedb3,Tablet,Electronics,851.38,4,3405.52,2024-04-06,Manuelchester
65839db4-43a7-4ea4-9b42-b70ba5fbd9be,Running Shoes,Sports,542.51,3,1627.53,2024-08-20,East Margaret
c361e4a3-3c53-4737-bb9f-ada78e8de159,Smartphone,Electronics,289.24,5,1446.2,2025-02-25,Lake Angela
cb05c3bd-c45b-4090-b4ff-11e93528a675,Shampoo,Beauty & Health,836.43,9,7527.87,2024-07-22,Danielleview
ecc0fc56-e644-49d6-bb46-18e1d5780ad7,Yoga Mat,Sports,897.53,7,6282.71,2024-10-15,Port Leah
c8098eeb-fd7f-4cbc-a198-133dbcbc5ad0,Tennis Racket,Sports,110.45,5,552.25,2024-09-08,Lake Thomasfort
99627f48-9dbd-4760-a380-3311fc9df2d0,Sunscreen,Beauty & Health,789.58,5,3947.9,2024-08-30,North Kyleside
f76c14ff-15be-499a-9ef4-33c83312d516,Smartphone,Electronics,156.27,8,1250.16,2024-07-18,Hallview
c2416bf7-f753-4e9b-b755-b93bb2edf150,Tennis Racket,Sports,164.27,8,1314.16,2024-05-29,Amandaton
5b1c6406-47e5-45e5-8d15-7a8d0f8b0fde,Toaster,Home & Kitchen,617.73,7,4324.11,2024-08-15,Monicafort
420210b6-570d-412a-9617-95014270c01c,Running Shoes,Sports,211.14,9,1900.26,2024-11-21,Johnview
88d2fe63-6427-4b20-bcee-53a9fa4e5560,Face Cream,Beauty & Health,507.73,8,4061.84,2024-11-10,Melissahaven
02974ece-4267-4d3e-8bd1-1949fdc572dc,Face Cream,Beauty & Health,880.55,1,880.55,2025-02-24,Rogersville
15c30635-fab0-45eb-8f7c-63231866bfca,Toaster,Home & Kitchen,537.14,7,3759.98,2024-05-17,Jefferyfort
1316b39d-18c0-446f-9aa9-37555d3af02f,Perfume,Beauty & Health,368.98,2,737.96,2024-03-21,Harveyfurt
54ab0624-d9c1-487b-b88e-c65ea83a1fd3,Sweater,Clothing,722.84,4,2891.36,2024-10-01,South Mitchellburgh
d8f6b97a-d5f8-46fd-9afa-d2b6338a9d01,Sweater,Clothing,313.31,5,1566.55,2025-02-01,Peterbury
0f4e9692-7ba2-4709-8601-bf3556de4246,Yoga Mat,Sports,343.8,1,343.8,2024-09-04,Samanthahaven
2119493a-6a78-4f41-8b1f-9e322a138180,Basketball,Sports,118.69,3,356.07,2024-10-04,West Brian
c47ba29a-1507-45a2-912b-3a70da2d6879,Shoes,Clothing,667.16,6,4002.96,2024-09-12,Silvamouth
1bd898e5-bdb0-4a01-b069-b9d6936c7451,Jeans,Clothing,374.95,1,374.95,2024-05-07,South Erica
90edc68b-c6b3-41a7-8af2-c768d0e38582,Sunscreen,Beauty & Health,437.54,5,2187.7,2024-10-09,Port Charlesville
7b1a94d1-e597-46bd-88da-610872754852,Perfume,Beauty & Health,141.38,9,1272.42,2024-10-19,Ruizborough
7f61cdb1-9432-4a71-bdc9-c930635b20ea,Tablet,Electronics,836.51,5,4182.55,2024-10-03,Lake Rebeccaport
d1fc7fff-4824-46a9-b461-22ef6e02afea,Shoes,Clothing,245.5,6,1473.0,2024-07-31,Taylorside
91fec7fe-2791-4557-8db5-640a0cdc905c,Tennis Racket,Sports,149.99,9,1349.91,2024-11-29,South Caitlin
57bcd153-9569-4277-9dab-a16af703c2d8,Basketball,Sports,600.0,7,4200.0,2024-11-06,Ballberg
15271e21-f8dc-4b06-b21d-3afc45d6d100,Shampoo,Beauty & Health,370.86,3,1112.58,2024-09-29,West Austinhaven
c76763bc-d3c9-4996-8a0c-2d1a2bd63f47,Microwave,Home & Kitchen,413.63,3,1240.89,2024-06-07,South Mariamouth
bfc25087-576b-4f85-ac2e-301ee5f3c2ad,T-Shirt,Clothing,969.8,2,1939.6,2024-11-02,Rangelmouth
b6a58f0c-4c2f-40ca-810c-4d05d22bfdc7,Smartphone,Electronics,226.09,2,452.18,2025-01-23,Lake Jessicaland
f94ecbbf-587f-4124-9e96-5068ae08f615,Laptop,Electronics,222.07,3,666.21,2024-09-22,East Aaronfurt
6da89d1c-d28e-4428-8901-beed009b5555,Jeans,Clothing,188.22,7,1317.54,2024-11-10,East Savannahport
2a2edd98-cf29-4ac2-942b-c66b9c78dd8f,Headphones,Electronics,666.12,3,1998.36,2024-08-01,Toddburgh
c4b0b26f-70c9-4a88-8564-7bc42f9c300c,Perfume,Beauty & Health,531.31,4,2125.24,2024-03-27,East Sarahhaven
5453ae5b-cece-4c5b-8522-1f20b1608e83,Sweater,Clothing,135.04,2,270.08,2024-08-25,Medinastad
1d5268c8-57b3-42fc-b88c-6b2186caf8f4,Tablet,Electronics,92.8,6,556.8,2024-07-04,South Robert
7e9c7ecf-655e-44d6-985d-ac6d96c07094,Jeans,Clothing,261.43,4,1045.72,2024-11-14,Lake Juan
ccfddac6-95e6-4726-b6e6-c0179e1c6013,Coffee Maker,Home & Kitchen,143.64,8,1149.12,2025-01-02,South Dawn
85cf0164-969c-4325-8bc3-09a9eb0546df,Blender,Home & Kitchen,603.23,7,4222.61,2024-12-03,Fordhaven
60806a48-be41-4b0d-837f-03c17282614a,Face Cream,Beauty & Health,923.74,2,1847.48,2024-10-08,Kathleenfurt
bf09e13a-ae79-40c5-93d3-30416ec15ba0,Headphones,Electronics,155.01,2,310.02,2025-02-21,Sherryton
5b9a9f93-2035-434d-882d-9f127d25c710,Smartphone,Electronics,345.35,1,345.35,2024-08-05,Thompsonport
3421ddf7-8316-43c8-a9f7-e088a952215c,Headphones,Electronics,329.46,9,2965.14,2024-12-05,Moraleston
ef13dbba-6777-4e91-b67d-5c2574528275,Jacket,Clothing,504.8,9,4543.2,2024-03-30,East David
8fd173a8-7a48-4d1d-97e4-a7f088a52d9b,Shoes,Clothing,921.99,5,4609.95,2024-04-21,Garyview
b345861c-6474-4042-8e6e-ee18cc33cfac,Face Cream,Beauty & Health,477.09,6,2862.54,2024-06-19,East Jonathan
c19d4467-b305-40c4-99d0-3d5916e21414,Vacuum Cleaner,Home & Kitchen,929.78,6,5578.68,2024-06-23,South Scott
2097e5b2-5860-413f-8b5d-cd995c7834aa,Microwave,Home & Kitchen,319.99,1,319.99,2024-08-09,Ashleytown
c8d6aaed-fee0-40cf-8bf1-0e811996b09b,Lipstick,Beauty & Health,656.48,4,2625.92,2024-05-21,Lake James
f87ea6a5-9792-4652-8466-feb36a04b416,Coffee Maker,Home & Kitchen,687.72,4,2750.88,2024-07-16,Hessport
870c0a3b-e48c-4b49-ac51-529c657739cc,Running Shoes,Sports,455.51,9,4099.59,2024-11-12,West Kimberly
85270631-84dd-467c-88db-bac3ecea49ac,Sweater,Clothing,789.31,8,6314.48,2024-09-11,New Timothyberg
865b9a79-d4db-4296-8386-d55fbe73689f,Basketball,Sports,214.99,5,1074.95,2024-09-28,East Jerry
1bba53db-bcdf-401b-a8fe-efed08711a6e,T-Shirt,Clothing,991.82,7,6942.74,2025-01-26,Zacharyburgh
93fd6a61-2df0-4644-9bef-e8b47e8c99cb,Jacket,Clothing,429.52,8,3436.16,2024-10-28,West Danielleport
153b33aa-4f18-42ef-b91e-a7e7174b09d2,Running Shoes,Sports,957.7,6,5746.2,2024-10-28,East Drewbury
a732ad44-4821-49f3-9b46-ab2e490859db,Yoga Mat,Sports,868.98,2,1737.96,2025-01-19,Paulside
5b6ad56e-8431-4bd6-ba4f-9454ffe7765f,Tablet,Electronics,122.78,7,859.46,2024-08-29,West Meganfurt
5bd11817-2db4-4e7f-b75c-7e741e6a4492,Running Shoes,Sports,479.3,7,3355.1,2024-09-06,Nguyenborough
d0338071-b870-467e-9245-6bb6d458da70,Coffee Maker,Home & Kitchen,70.81,9,637.29,2024-12-27,West Willieland
dcb55e4c-224b-4679-aaa6-f3cd45eeada0,Laptop,Electronics,62.25,5,311.25,2024-04-21,Josephhaven
d4767808-2ea8-45c2-9133-2b60a9356d3d,Tablet,Electronics,689.14,9,6202.26,2024-04-03,New Krista
70264993-b633-4c48-85e8-fb308c44a978,Smartphone,Electronics,221.47,8,1771.76,2024-12-01,Heathermouth
2a31c05f-bc7d-4fb1-92f8-94ef5353a79a,Sweater,Clothing,41.99,1,41.99,2024-06-09,Crystalhaven
a7baf80f-6c92-4ffc-ab43-5c1092cd288a,Face Cream,Beauty & Health,133.23,4,532.92,2025-02-22,Evansfurt
c499da8e-1f58-4243-a440-809853e260bd,Shampoo,Beauty & Health,449.44,5,2247.2,2024-10-10,New Stephaniehaven
67497cef-4671-4fd3-b2df-7b9a0bc660fb,Jeans,Clothing,324.06,2,648.12,2025-01-16,Perezton
18542562-14b9-43af-b8b3-2a9213093506,Vacuum Cleaner,Home & Kitchen,574.07,4,2296.28,2024-03-30,Port Michaelland
9f23675c-ff04-4bd9-b995-02410659ff07,Tablet,Electronics,720.41,4,2881.64,2024-04-19,New Richard
58d87f58-6aa1-4b38-8575-980fa8293161,Dumbbells,Sports,465.22,7,3256.54,2025-01-29,Richardmouth
999f2672-7270-4f19-9844-cb3469a79b92,Smartwatch,Electronics,869.05,6,5214.3,2024-07-04,Thomasshire
fd9c5c9d-47d3-42c2-b687-6ff9793d6ad9,Tablet,Electronics,863.29,7,6043.03,2024-09-21,South Franklin
cf497c9e-90c6-4648-8902-01a887140b41,Sweater,Clothing,865.43,9,7788.87,2024-12-28,East Kurt
d9476759-955f-4359-9064-8030118a7a1c,Shoes,Clothing,533.65,2,1067.3,2024-12-04,Smithfurt
1af3e741-3fb7-44d0-96be-49f0be112093,Laptop,Electronics,710.82,1,710.82,2024-05-15,Gomezside
ecb100f2-ad98-485b-bb3e-ca3243c25159,Blender,Home & Kitchen,994.1,5,4970.5,2025-01-18,Sherrymouth
36357742-24c0-4855-ad08-4e820a846045,Blender,Home & Kitchen,487.8,9,4390.2,2025-02-17,North Michael
3afa71df-acd6-4b78-9538-25452a545154,Running Shoes,Sports,442.4,2,884.8,2024-12-23,Duffyside
ef4dc51f-4e20-49b7-bbb4-2846c9b5f57a,Sweater,Clothing,719.16,9,6472.44,2025-01-20,Christopherville
5e1f23c8-fd90-42d3-b9af-866675da357d,Yoga Mat,Sports,475.74,3,1427.22,2025-02-21,Christinahaven
35f9e2a5-63c1-4324-85c3-2de149b4ce5c,Smartwatch,Electronics,993.88,2,1987.76,2024-04-11,Nicholasburgh
5cb0e1e6-0381-4dd4-bab9-42d1cfa2247f,Basketball,Sports,43.99,3,131.97,2024-06-25,New Carlos
87d72dee-8f86-47d3-99be-3a5ceb3c176e,Tablet,Electronics,25.18,6,151.08,2025-02-07,Bartonfurt
8032b855-ad20-4dde-b646-421768a02c29,T-Shirt,Clothing,99.65,9,896.85,2024-09-11,South Laura
1b2843e6-88fd-4dd8-91d0-f21e8931cd65,Sunscreen,Beauty & Health,581.43,5,2907.15,2024-05-22,Myershaven
4380d06e-5a4d-47a2-b2e6-5e134bb91dad,Smartwatch,Electronics,602.13,2,1204.26,2024-11-16,Laneport
885500c2-03f6-42fd-aace-1c28764b8228,Coffee Maker,Home & Kitchen,798.24,2,1596.48,2024-05-20,Fosterstad
d4afc8cd-c78e-4c48-b3bc-2d5c2d477e38,Shoes,Clothing,189.12,7,1323.84,2024-12-06,Hickmanton
ebb9da6b-6a10-4231-81b2-5bf9ef277d61,Sweater,Clothing,435.98,7,3051.86,2024-06-27,New Andrew
cd429a7a-744a-4e67-a4eb-0cb1c946e1d3,Jeans,Clothing,312.1,5,1560.5,2024-05-27,Robertohaven
a2e365a3-c991-4120-9e30-5ce7e19b5d74,Jacket,Clothing,914.88,8,7319.04,2024-04-08,South Betty
fb87007e-ea90-4b0b-a551-8d2b4421f0da,Perfume,Beauty & Health,459.82,1,459.82,2024-06-01,Simpsonfort
4797bcd4-e215-4ff8-ab4f-4015b376ece4,Yoga Mat,Sports,106.96,6,641.76,2025-01-24,South Matthewshire
1bed0091-36d1-4716-a735-c96fd25e3175,Sunscreen,Beauty & Health,801.04,3,2403.12,2024-10-20,South Sarahstad
b6aaf32a-3965-4025-9b0c-7c9d8ad770d7,Dumbbells,Sports,962.9,1,962.9,2024-12-01,Billyborough
d9f4a6a5-e560-44ee-816a-61ec5e04def3,Tennis Racket,Sports,776.71,3,2330.13,2024-07-14,West Patricia
8ce55fbf-d72f-415a-b716-a22bd5f70b64,Running Shoes,Sports,64.14,5,320.7,2024-06-25,New Williamborough
d93ed608-b390-4cf5-9f2d-12fb6e0a2fc9,Lipstick,Beauty & Health,397.15,9,3574.35,2024-02-26,Charlesbury
2b39377e-64db-4c0c-bbfd-4c69f6d14242,Vacuum Cleaner,Home & Kitchen,173.67,8,1389.36,2024-12-22,Lake Meganton
616e317d-d512-4105-83db-cab4a0819819,Smartphone,Electronics,395.19,3,1185.57,2025-01-26,Bennettstad
4f7a3c19-38fd-48c3-88c5-6869bb2d191e,Coffee Maker,Home & Kitchen,807.76,7,5654.32,2024-03-20,Brendanview
a731c813-bc76-4a68-9a84-b9580f0342e7,Blender,Home & Kitchen,421.82,3,1265.46,2024-11-05,East Heather
a72ea158-e210-40dd-a448-aaa3119ce192,Jeans,Clothing,826.31,7,5784.17,2025-01-12,West Carlyfort
3bd77f9d-4fdd-4e02-975b-57976460bf2b,T-Shirt,Clothing,736.5,3,2209.5,2025-02-23,Markmouth
67bf2d87-12ed-4223-9a7e-36b1b64d2457,Lipstick,Beauty & Health,557.46,7,3902.22,2024-12-19,Phillipsfurt
7f10b4d2-33bd-4918-b2a4-df229b92bb8e,Lipstick,Beauty & Health,331.25,1,331.25,2024-09-03,Shaneshire
d913b5ae-9568-46be-b80c-975cc0b15362,Jacket,Clothing,256.35,7,1794.45,2024-04-16,South Kurt
9385fc54-b346-472d-92e0-5396acd6ad02,Blender,Home & Kitchen,43.11,2,86.22,2025-01-02,Carrstad
83492fae-77d8-4917-90a3-ccdae8e23e7c,Shoes,Clothing,613.22,6,3679.32,2024-06-05,Lake Bradleystad
9b7cbaaf-8c52-40c3-887d-1130899d89b2,Sweater,Clothing,902.1,1,902.1,2025-01-29,South Caroline
4375a142-dc2c-47ec-b75a-3c988dcc61f6,Shampoo,Beauty & Health,541.45,8,4331.6,2024-08-15,Alyssamouth
9c892941-2716-482f-99b1-6512879bd2bd,Running Shoes,Sports,919.71,5,4598.55,2024-09-26,Port Sophiaton
ef699678-b1a2-493e-a198-4f0fe7c94a15,Perfume,Beauty & Health,257.63,4,1030.52,2024-07-08,New Joefort
e58bbe53-4a3e-470b-8a1d-4992d773f4ff,Running Shoes,Sports,964.75,7,6753.25,2024-04-14,North Michaelfurt
7db94030-e540-44ba-8b93-686d3f0115fc,Sunscreen,Beauty & Health,434.84,7,3043.88,2024-07-23,Lake Brettstad
2cbf1860-7ad9-42b7-a1d1-258cf5cd15be,Shoes,Clothing,41.71,1,41.71,2024-09-15,Medinaside
ff1e0e0a-cbc2-4a66-855a-ee7eae83507b,Basketball,Sports,622.06,8,4976.48,2024-12-20,Lake Jeffrey
aad4f868-673c-46a6-858a-3ec118b389b3,Basketball,Sports,276.17,1,276.17,2024-04-15,West Christopher
991ba936-d822-4564-87c7-fff505bdb71c,Jacket,Clothing,548.87,8,4390.96,2024-05-10,West Darrenville
c5b3daf4-5a1e-492e-9505-947cde15ab49,Yoga Mat,Sports,886.37,5,4431.85,2025-01-30,Austinborough
1156d39e-ec78-40c3-b835-184bf5b90db0,T-Shirt,Clothing,718.55,3,2155.65,2024-07-23,Lake Larry
b721213b-6930-47e1-ac9d-3869b427da5e,Tennis Racket,Sports,605.78,3,1817.34,2025-01-23,Hartmantown
782ca2be-a178-4e49-9033-bc151c97a920,Jeans,Clothing,877.71,6,5266.26,2024-09-07,North Samanthaport
fe67b4b7-ef61-4a24-bbe8-9c5222422ce5,T-Shirt,Clothing,74.42,7,520.94,2024-06-07,Jorgeland
53db3e90-586b-457f-98cb-a64bfec8a04f,Yoga Mat,Sports,399.81,3,1199.43,2024-06-12,East Danielle
f6aa3c24-0f07-4280-9753-d971b38f92ab,Dumbbells,Sports,276.14,5,1380.7,2024-12-20,South Vernonmouth
4a0940e6-9cbb-43ed-824c-dbb5458618ad,Shoes,Clothing,720.39,5,3601.95,2024-05-27,Olsenmouth
585e8a61-c070-4bbe-a5dc-51688d756f4e,Jacket,Clothing,833.01,5,4165.05,2024-06-18,Jenniferburgh
d73d240f-94bc-483d-b124-1d7cf59097f0,Vacuum Cleaner,Home & Kitchen,396.82,6,2380.92,2024-11-29,Sylviafurt
e0d294e2-dfac-4b8e-893c-26aa914bbee6,Basketball,Sports,52.38,5,261.9,2024-03-28,Williamview
928a9567-98f8-4d00-8471-132d901861a5,Headphones,Electronics,813.39,3,2440.17,2024-11-13,New Ericahaven
3c76fe20-15b8-484c-a78d-f20bf38806b1,Perfume,Beauty & Health,559.5,8,4476.0,2024-04-09,East Robertport
aad79b4e-c2fb-4ce4-89ab-98ea89f54c9f,Sweater,Clothing,873.92,5,4369.6,2024-07-28,West Deborah
350580f0-bb28-4e70-aa60-669dbe539e85,Jeans,Clothing,990.81,1,990.81,2024-10-31,Ruizville
7d5e0a38-f0a9-4b2c-aa88-c377f9dc634e,Laptop,Electronics,30.38,2,60.76,2024-04-14,South Laurenfort
1050f4ee-c802-481e-9cb8-bc342c509098,Tablet,Electronics,784.87,9,7063.83,2024-05-04,South Theresa
c761450a-1ec1-47d2-a916-93c889ec6237,Headphones,Electronics,974.28,3,2922.84,2024-09-22,New Jerry
c17059d4-e278-4dc7-8918-3f59676900ed,Face Cream,Beauty & Health,670.98,2,1341.96,2024-05-24,West Kristenbury
00c1fead-6083-431e-aa6f-51bdcd4800d4,Shoes,Clothing,250.01,8,2000.08,2025-01-19,Port Pamelatown
0a9e7eab-3f51-4447-b341-85c636882de3,Shoes,Clothing,842.4,8,6739.2,2024-10-14,Emilyfort
6a025b2d-a2f7-4c21-bae7-c9c546820e31,Lipstick,Beauty & Health,670.68,2,1341.36,2024-08-23,Carrilloshire
fe299ede-f6ac-44d2-a3ab-4ebbb808a521,Running Shoes,Sports,963.67,4,3854.68,2024-02-29,West Mary
c0a05605-951f-4c32-ab16-388ce004c13e,Toaster,Home & Kitchen,882.38,1,882.38,2024-10-23,Donaldshire
683efb6a-6ca4-4d0b-8856-5ffc2998ed10,Shoes,Clothing,924.27,2,1848.54,2024-03-28,South Larry
8f2cb111-8310-4edb-978b-8da0ac74d66f,Vacuum Cleaner,Home & Kitchen,12.76,2,25.52,2024-11-23,East Christystad
476b09bf-81b8-4dd8-8e52-378209bb6cc7,Vacuum Cleaner,Home & Kitchen,757.26,4,3029.04,2024-05-16,Mathewsburgh
83128925-e43b-4f13-ad5b-a71b04abfe76,Smartwatch,Electronics,432.42,2,864.84,2025-01-03,Robinsonmouth
30d2c465-a072-48f2-bf35-afe88ad1450b,Jeans,Clothing,305.57,2,611.14,2024-10-27,Perrymouth
ddd27c22-3608-49dd-a885-7180dfb07fed,Face Cream,Beauty & Health,317.15,7,2220.05,2024-04-06,North Meganfurt
031d482f-9fa9-4c6a-91a9-e5821f654659,Dumbbells,Sports,17.95,5,89.75,2024-07-23,Port Jennifer
6e731961-6323-4a92-8159-c839c5e7461b,Dumbbells,Sports,822.98,4,3291.92,2024-09-24,South Rebekah
9401ab1d-b641-4264-8fe8-438351cbb1f4,Dumbbells,Sports,345.12,1,345.12,2025-01-27,Ashleyport
966f8143-c34e-4b5d-b05f-555f2e88e1a1,Laptop,Electronics,425.44,4,1701.76,2025-01-14,North Carla
638dd78a-4f6d-4337-a9c4-cdbb3ab3a62d,Shampoo,Beauty & Health,284.09,7,1988.63,2024-08-21,Roseborough
174317cc-37b0-4787-a2e6-b545a411de54,Running Shoes,Sports,946.41,1,946.41,2024-08-14,Port Jenniferburgh
d978f15e-4a37-477c-bb8c-8a3ead96cf37,Running Shoes,Sports,191.92,2,383.84,2024-07-15,East Brandonland
535f8a00-4c6b-41e6-835b-879969adc276,Blender,Home & Kitchen,547.51,8,4380.08,2024-08-02,Amystad
8569d38c-99f4-4743-bc19-9e1237a1cf1d,Blender,Home & Kitchen,544.66,1,544.66,2024-08-21,Daltonmouth
77105f7b-a3d5-471b-9827-f2e52196db1d,Face Cream,Beauty & Health,711.28,7,4978.96,2024-12-20,Jamesmouth
1a3f8fdb-0450-47aa-98ea-2e86973f1d89,Shoes,Clothing,290.53,9,2614.77,2024-08-19,Jeffreymouth
5b33366f-5aa8-4001-a8af-2ce229933dbb,Dumbbells,Sports,309.07,8,2472.56,2024-04-21,South Hannahburgh
8a50398b-44c8-4ce2-90e6-855ec346baa9,Sunscreen,Beauty & Health,182.38,1,182.38,2024-05-31,New Jared
6a3a5753-029b-42a9-882f-c81965588538,T-Shirt,Clothing,385.35,8,3082.8,2024-10-28,Lake Luis
5ae5be81-c2c6-467c-9a39-8983c1822ad7,Basketball,Sports,806.49,9,7258.41,2024-09-10,South Nicholas
a31f1da0-ff38-4c35-919a-f8a120210614,Yoga Mat,Sports,773.97,3,2321.91,2024-05-24,East Jennifer
9970566f-b203-4ddd-96c8-5c37765ae7da,Jeans,Clothing,969.47,2,1938.94,2024-05-22,Dustinmouth
98bcf991-7659-4675-b618-9991b1e1a76d,Yoga Mat,Sports,200.28,6,1201.68,2024-07-09,South Andrea
8a521796-5d42-4877-80e2-143d7cc3f145,Toaster,Home & Kitchen,368.02,3,1104.06,2024-05-01,Gabrielhaven
cde44283-40fb-45c9-854f-bc763ffd20d5,Laptop,Electronics,746.18,4,2984.72,2024-06-11,Port Jacobborough
bf5b30e6-daea-420b-bcb7-18e11e4ddd8f,Face Cream,Beauty & Health,88.06,3,264.18,2024-08-14,New Monica
7ff5d3cd-dd47-48d7-b8d9-58e3505ffbe3,Tablet,Electronics,170.91,5,854.55,2024-06-03,Freemanhaven
ff721d39-b402-4464-b55d-5ca6fb649578,Sweater,Clothing,617.57,2,1235.14,2024-08-04,North Kristin
8d6b74f0-d2c0-4e67-8f70-270f16e7f5a5,Jacket,Clothing,867.17,2,1734.34,2024-12-26,Craigburgh
29c4014a-ac4c-4970-be00-5e5c9e14f639,Laptop,Electronics,532.99,8,4263.92,2024-06-02,Jacksonburgh
e8693524-6573-4389-8a20-ca1752c85384,Yoga Mat,Sports,624.68,1,624.68,2025-02-25,Port Shawnstad
c2a12d5d-dac6-489b-98eb-5d8051e35955,Vacuum Cleaner,Home & Kitchen,928.13,4,3712.52,2024-07-19,North Paulborough
97ec019d-aa09-437f-9a0b-32da59da1895,Shoes,Clothing,423.54,1,423.54,2024-03-07,Thomasburgh
bdc6b1c5-ab1f-4415-989a-0c05cd8f437b,Perfume,Beauty & Health,491.71,8,3933.68,2025-02-23,North Katherine
c8324b82-c087-4cb1-8d70-84bd3afe4c01,Blender,Home & Kitchen,142.3,1,142.3,2024-04-17,Davidport
7fb4456c-29f6-4eaa-aca4-cebf21c82e57,Microwave,Home & Kitchen,10.71,8,85.68,2025-01-24,Mannstad
acab55ba-a71f-4fcc-bc9a-de99f78a983b,Jeans,Clothing,74.58,1,74.58,2024-10-14,Port Gregory
8f5bec05-7a63-41f1-bd9f-aa4099155be8,Tablet,Electronics,406.02,8,3248.16,2024-12-04,Port Brittany
815b301f-4f6a-4c8e-a0da-b86bb3c538f1,Dumbbells,Sports,856.88,5,4284.4,2024-07-11,Port Aaron
0e2ba922-b9cf-472d-ae96-2cabd268602b,Sweater,Clothing,888.41,4,3553.64,2024-04-08,South Lisa
59520530-7350-4c22-9bd2-8253825d09f6,Microwave,Home & Kitchen,499.94,3,1499.82,2024-06-30,New Susan
221cfed7-1f2c-4241-847e-04f6299512ed,Perfume,Beauty & Health,846.61,5,4233.05,2024-04-29,Douglasmouth
da2f8f5a-cf65-46b6-915e-4d47f1f3966e,Blender,Home & Kitchen,271.45,6,1628.7,2024-04-05,Butlerchester
5c29945d-071f-4c99-a164-45d09685df5e,Perfume,Beauty & Health,288.14,4,1152.56,2024-08-15,Davidborough
8fc515bc-5281-4ca8-bb06-f4a5e02c0a47,Microwave,Home & Kitchen,363.69,9,3273.21,2024-03-29,South Amyborough
febb0a8d-bef1-49a3-8ac2-c71c8d0709af,Perfume,Beauty & Health,266.37,4,1065.48,2024-06-11,Shanemouth
25c62815-46d3-4457-80b4-016063110ba4,Dumbbells,Sports,795.88,4,3183.52,2024-09-15,Gainesborough
bd777bb3-c0bd-4ff6-b3d5-21be50bc957a,Tennis Racket,Sports,85.04,8,680.32,2024-06-26,Kristenside
7f748c3e-3ee4-41a7-91f7-e946fd7f2726,Running Shoes,Sports,645.32,9,5807.88,2025-01-07,Evansfort
33548724-8072-4e91-b7bc-8f55dbf8aa5f,Basketball,Sports,38.76,3,116.28,2024-09-17,Wernerhaven
a6eaa0a1-bea3-4135-b301-8ffa9f0cea83,Smartphone,Electronics,624.96,3,1874.88,2024-09-05,East Tyler
89974b7a-d387-4528-ad82-1e0c6c24422d,Face Cream,Beauty & Health,196.38,4,785.52,2024-10-20,Port Anna
75d80c06-3970-46ed-bbb5-b72f27132e4c,Laptop,Electronics,473.11,7,3311.77,2024-08-26,Lake Rebeccaville
fd43ab77-a261-494a-a1a8-01f0b65cd11a,Basketball,Sports,731.95,4,2927.8,2024-11-25,Jacobmouth
1345f537-1013-426d-905c-907421a5b00e,Dumbbells,Sports,581.8,2,1163.6,2025-01-26,Morrismouth
eac6fa47-39c8-4f03-80c0-b6c05346cbc9,Dumbbells,Sports,784.08,1,784.08,2024-06-19,Meredithville
c76fa1c8-48cd-4cdf-b034-773250eb660e,Basketball,Sports,126.93,8,1015.44,2024-07-31,Michellehaven
8cca74a4-2cc5-49a6-b699-e616a415fe09,Vacuum Cleaner,Home & Kitchen,316.72,9,2850.48,2024-05-30,North Amanda
eeca8677-922b-4f3c-8cd2-fa7ecdcb8fff,Blender,Home & Kitchen,412.71,1,412.71,2024-03-05,Lake Emily
ce6d861a-ac6f-4365-9b43-526d3d8bdcd4,Jacket,Clothing,954.74,4,3818.96,2024-07-16,Port Suzannebury
8f6a4a60-dda1-450f-bb64-ef195aa7e324,Coffee Maker,Home & Kitchen,287.18,8,2297.44,2024-09-03,East John
8ee0766c-435f-4b29-a16d-0456c5bcd0f8,Jeans,Clothing,820.34,6,4922.04,2024-04-14,Myersborough
f7f7527b-35a8-4aa6-8892-d8b7d65c9792,Sunscreen,Beauty & Health,116.47,6,698.82,2024-05-15,South Phillip
c5e6a71a-59d6-4959-a2f7-e1c60ac9f22a,Sweater,Clothing,842.63,4,3370.52,2024-12-23,New Sarah
59a9849e-0f44-40a0-88ec-3e46cc4202e2,T-Shirt,Clothing,172.93,5,864.65,2025-01-02,Port Jennifer
71bfdd40-22c4-47ab-bb18-6c723a88cbf4,Coffee Maker,Home & Kitchen,85.96,4,343.84,2024-08-11,New Tanya
94472621-316d-4470-9d5a-6f7c11a69b31,Toaster,Home & Kitchen,579.33,8,4634.64,2024-06-27,Austinville
f3cb1479-d776-4115-ad74-86c799f0a662,Tennis Racket,Sports,541.25,7,3788.75,2024-04-06,Port Dawn
3c878941-f728-41a2-b769-fd6b0d6b32da,Sunscreen,Beauty & Health,273.09,6,1638.54,2024-12-12,South Gwendolyn
ade05fdd-fc81-4747-8a0d-1ef4ae4b68a2,Sweater,Clothing,620.27,6,3721.62,2024-05-01,Lake Mary
0733546b-4423-4818-95d9-acd894c2491c,Coffee Maker,Home & Kitchen,962.11,4,3848.44,2024-12-24,West Rachel
549691c3-c8f0-4719-b15b-94ea4c048ef1,T-Shirt,Clothing,841.11,2,1682.22,2024-07-17,West Jefferybury
d61677fe-dfc4-4de2-a120-f24dca8b73d5,Sunscreen,Beauty & Health,781.38,8,6251.04,2024-08-13,Maryville
f66c85b0-cc60-4718-8a03-9c5c99437955,Smartphone,Electronics,159.42,5,797.1,2024-09-04,Michaelfurt
a7cb82b5-d900-41b3-b142-c5a99d028a56,Vacuum Cleaner,Home & Kitchen,399.84,8,3198.72,2024-03-25,Curryfort
bbe5c23b-9472-4272-8b6e-7d586837f799,Lipstick,Beauty & Health,30.22,8,241.76,2025-01-14,Millershire
43298b10-466b-4264-a334-20745b793027,Tennis Racket,Sports,162.23,6,973.38,2024-04-05,North Veronica
5f144314-61ec-4e5c-ae4a-15bc3a05e2f0,Shampoo,Beauty & Health,440.95,4,1763.8,2024-11-05,Crosbybury
8389b360-c902-4c3e-8b43-93ba92c0ca8e,Perfume,Beauty & Health,680.33,9,6122.97,2024-06-20,Watkinschester
5a3e7a45-863e-494a-953c-48fa0f71fae9,Sunscreen,Beauty & Health,180.24,8,1441.92,2024-11-30,Alvaradoview
f20bb605-7033-420c-a288-05ad3ea4e670,Smartphone,Electronics,737.45,7,5162.15,2024-11-26,Lake James
647d846b-5cf9-49c0-860b-e1ec3469782d,Face Cream,Beauty & Health,638.18,4,2552.72,2024-07-12,Barkerside
6871f48a-8a3f-46a8-8b1e-51ddfaef3f0a,Blender,Home & Kitchen,686.08,2,1372.16,2024-04-14,Port Cathy
79c49afb-0dba-44ed-a84d-7271b7f15ab0,Dumbbells,Sports,297.86,7,2085.02,2024-10-04,West Ashleyberg
3dac7dec-a329-4685-8e56-2bbdefa15c30,Smartwatch,Electronics,712.75,4,2851.0,2025-01-24,Ericview
61fc76c0-dd7e-47be-9933-b7cf83b58d8a,Sweater,Clothing,38.76,2,77.52,2024-06-25,New Thomas
3b3a45a2-65a5-4421-bc23-e2101b5ede6f,Tablet,Electronics,380.54,3,1141.62,2024-11-13,East Jennifer
e676f078-46fd-4346-96d0-a553f1cbdf79,Tablet,Electronics,707.1,3,2121.3,2024-03-18,North Lynnfurt
1536264c-4aa1-409b-a5b5-024da160cc63,Perfume,Beauty & Health,546.41,1,546.41,2025-01-01,Onealfort
a302177a-a3db-49eb-8d0e-a0e4dd2c370a,Face Cream,Beauty & Health,521.45,1,521.45,2024-03-07,Parkerstad
0238adf9-072a-49ce-87b0-843108af106c,Basketball,Sports,660.29,9,5942.61,2024-11-15,Brittanyfurt
f7598f9b-e74b-4f21-b9cc-703f91c53d4f,Jeans,Clothing,656.82,9,5911.38,2024-09-23,Simpsonport
c97fff67-cd74-4818-93a2-6759b5c4e177,Basketball,Sports,151.25,9,1361.25,2024-05-27,Chadhaven
a810a9d2-1dc2-4859-8208-89660b6be299,Tablet,Electronics,946.19,8,7569.52,2024-10-03,South Danielle
492777c9-96dd-4ae1-ba62-cba326cdf503,Tablet,Electronics,940.59,8,7524.72,2025-02-11,Port Krista
ed1a5e9f-494f-4fb4-bf41-f62f78f2f3b3,Coffee Maker,Home & Kitchen,900.29,6,5401.74,2024-12-14,West Samantha
fbe4eaa1-6af2-4a03-b455-236191a73a78,Lipstick,Beauty & Health,20.46,2,40.92,2024-12-12,New Katherine
1c2f4b15-365d-4186-aaf5-c8247a31e0c9,Lipstick,Beauty & Health,112.92,5,564.6,2024-10-01,Leemouth
8a5d1915-458b-4196-be3f-88fd2e27021e,Perfume,Beauty & Health,343.24,3,1029.72,2024-04-30,West Kelly
18315e63-821e-4d38-9d4c-5dcaae7eec5c,Smartwatch,Electronics,616.93,3,1850.79,2024-09-09,East Melissa
6b8b351b-be12-4eb4-ae7e-f80d1f595061,Coffee Maker,Home & Kitchen,824.67,8,6597.36,2024-09-11,South Raymondshire
4e6f3722-a4ac-4d94-9c3a-ab1f8aa712aa,Sunscreen,Beauty & Health,609.72,5,3048.6,2024-03-28,Moontown
f6d8cb6a-40cd-4f1c-a58c-1939a539230a,Sweater,Clothing,721.28,7,5048.96,2024-12-17,Christineburgh
f858c4e2-3695-45b3-aa04-a22b91113f91,Running Shoes,Sports,380.57,4,1522.28,2024-12-10,North Steven
39f8504f-c639-42e6-8dcc-936152b372a1,Tablet,Electronics,623.84,8,4990.72,2024-05-01,Jeffreyburgh
67260452-37f9-420a-853a-f4e68975a3b8,Yoga Mat,Sports,754.49,7,5281.43,2025-02-13,North Andrew
39e2d93f-38c0-419e-91dc-80cd4492fbd7,Vacuum Cleaner,Home & Kitchen,498.55,1,498.55,2024-04-14,Davidtown
01826c77-6bca-499f-a3f3-3df6fece922d,Microwave,Home & Kitchen,278.78,3,836.34,2025-01-10,West Juliebury
3ef5da50-8161-4fa9-8cb5-b8be678e9140,Smartphone,Electronics,221.27,5,1106.35,2024-12-21,Port Aaron
de297a0f-5771-4e4f-a01f-fb57c702731a,Sweater,Clothing,150.03,8,1200.24,2024-08-24,Tonyaside
7c21f736-ec31-4151-ad17-9bec075ea98c,Sunscreen,Beauty & Health,136.2,8,1089.6,2024-10-26,North Annmouth
fad5463d-c36f-4081-bc39-2dee45e8adfc,Face Cream,Beauty & Health,114.92,1,114.92,2024-12-22,Greenland
c61c306d-d0dc-4292-a3d6-d5624379d5d5,Yoga Mat,Sports,126.35,9,1137.15,2025-02-10,West Shirley
916e8810-4761-45d5-bfce-0b9dcbb1cb7a,Face Cream,Beauty & Health,150.62,2,301.24,2024-03-26,Munoztown
b35ecfc2-9fc2-4240-987b-50d3ce426dd4,Face Cream,Beauty & Health,932.69,3,2798.07,2024-04-25,West Steven
e41dfaa9-5e1e-4dc4-aed8-ec8a31c29fbb,Perfume,Beauty & Health,663.88,2,1327.76,2024-11-08,West Kathleen
8cbd8df7-1414-4ca5-a28d-b47feec01af3,Running Shoes,Sports,139.28,8,1114.24,2024-10-28,Mosesland
eb35151a-ecc7-44eb-8ca6-29da0b6c98c8,Running Shoes,Sports,319.3,9,2873.7,2025-01-20,Galvanland
e53ab4f7-7cb3-4f4f-a0cd-8476d2ce4487,Jacket,Clothing,138.17,1,138.17,2024-09-09,Diazhaven
01ac2f5b-0fc4-4ac8-ae10-3ae5d1cf1ae9,Jeans,Clothing,611.13,8,4889.04,2025-01-06,Rachelmouth
40a44576-9e8e-46bc-a20a-252ccc1ebe35,Dumbbells,Sports,787.96,3,2363.88,2024-07-24,Nancychester
0843e739-c0c3-4d7f-b8e7-418da58b889d,Jacket,Clothing,519.05,7,3633.35,2024-03-12,North Jasonland
bcabdcd9-84a2-4d4e-811b-7d3709feb2de,Sunscreen,Beauty & Health,161.66,7,1131.62,2024-10-23,Lake Cynthiastad
dca52eca-4235-483e-a18f-0069ce3d55ed,T-Shirt,Clothing,539.81,1,539.81,2025-02-13,Willieburgh
16f6152b-412b-4468-a439-cb56758f4d71,Sunscreen,Beauty & Health,982.13,7,6874.91,2024-03-21,Romeroshire
d7bb9cd9-972d-4cdf-b5df-8332377b109c,Laptop,Electronics,708.68,5,3543.4,2024-05-01,Waltermouth
b44f0d1a-6a4b-44cf-84e4-1393cbd9b831,Perfume,Beauty & Health,904.78,4,3619.12,2024-09-12,Port Joanne
f88e11dd-98f9-40bb-9cd2-7a16b7a4bebb,Lipstick,Beauty & Health,124.08,6,744.48,2024-09-18,Port Bryan
910900cc-03d6-43d0-a718-8613d84bef0f,Shampoo,Beauty & Health,525.14,3,1575.42,2024-08-12,Lake Katherine
e77c8e6a-e711-4663-853d-18c6cae8be22,Microwave,Home & Kitchen,735.98,8,5887.84,2024-03-06,North Alexander
c77900b0-6580-4dde-bfdd-93c3d8347db5,Vacuum Cleaner,Home & Kitchen,695.1,8,5560.8,2024-07-09,Franklinberg
960c2dd7-5379-48ad-b5db-a75d0823c44b,Basketball,Sports,85.64,5,428.2,2024-06-16,Port Michael
40cbfe9d-b8e3-4229-8cc9-931dde425da9,Tennis Racket,Sports,517.06,6,3102.36,2024-07-09,West Patricia
382f05de-4ece-424a-b90b-a4418482f847,Shampoo,Beauty & Health,262.37,8,2098.96,2024-03-28,Boydbury
d593f629-8440-4526-958a-d023a3d35c9a,Basketball,Sports,717.45,4,2869.8,2024-07-06,Emilytown
9d9525c6-1188-434b-a551-bc2e4561c6df,Smartphone,Electronics,290.25,2,580.5,2024-10-17,West Elizabethside
577cb83c-24a6-4fd7-8f54-fe474772d467,Dumbbells,Sports,756.74,9,6810.66,2024-11-11,Lake Rose
6cbaf81e-a265-4cca-8570-c04ea5cb7439,Coffee Maker,Home & Kitchen,605.08,1,605.08,2025-02-03,South Gregory
b3f34104-a86e-4a94-9e3f-e03dfdb23108,Smartphone,Electronics,862.0,6,5172.0,2025-02-07,Nicholasland
d418f909-64d6-4107-99b7-deeb8aa04cd6,Face Cream,Beauty & Health,877.54,7,6142.78,2024-05-30,Lake Austinport
2793aad6-f75c-42d8-ba73-440275484fde,T-Shirt,Clothing,917.06,4,3668.24,2024-03-07,South Michaelhaven
4372d9ff-9629-4377-89b6-b14edcff1f72,Vacuum Cleaner,Home & Kitchen,974.71,4,3898.84,2024-05-05,New Brianport
0b45406a-bf17-4fe4-80a5-a1f3983a3f92,Lipstick,Beauty & Health,179.01,7,1253.07,2025-02-07,Port Jason
f439924b-a8da-45dc-88c1-5c6f9b0c9062,Laptop,Electronics,402.51,6,2415.06,2024-08-15,South Stephen
8198d10b-877c-4b1e-9a0a-5625da6e4266,Basketball,Sports,546.47,4,2185.88,2024-05-02,Jamiestad
05584a0c-5f29-43ee-bfc2-c7e777a1e1fe,Vacuum Cleaner,Home & Kitchen,815.89,7,5711.23,2024-11-01,Jenkinsfort
6c397581-d6d4-4c09-a9ff-e39325fe2830,Coffee Maker,Home & Kitchen,140.4,9,1263.6,2024-10-04,Ryanport
5dd7e997-e684-41f1-a10a-1f0deb1b1eb6,Vacuum Cleaner,Home & Kitchen,689.73,8,5517.84,2025-02-20,Port Debra
d44d1e89-1e38-41ac-8818-4ff697c53b88,Dumbbells,Sports,420.84,4,1683.36,2024-08-16,Michelleburgh
0b1a3f77-0f85-419b-a253-28c42be891d5,Perfume,Beauty & Health,439.47,3,1318.41,2024-04-04,West Kayla
69e01f1b-d126-4583-9f41-0d73128d48ef,Jeans,Clothing,16.88,4,67.52,2024-03-28,West Karenport
1a949ac7-c647-4a0a-b1f8-a26bbdedff4d,Sweater,Clothing,425.81,5,2129.05,2024-04-21,Kingburgh
f9dcff25-684c-4a7d-b933-15317df95301,Jeans,Clothing,191.55,2,383.1,2024-12-02,Greenemouth
bfb5f4eb-9ae4-480c-9f67-87cb1fba2d6d,Jacket,Clothing,745.39,6,4472.34,2024-09-08,New Clinton
b1546374-7887-468e-a156-b7b2f6ea8e8f,Jeans,Clothing,287.0,1,287.0,2025-01-01,East Shannonport
c5ebec14-389e-4152-9c6f-bf945c2ecbb8,Toaster,Home & Kitchen,216.41,8,1731.28,2025-01-31,Kellyfort
506b8a47-8ded-49ab-a671-dd0b35730b41,Face Cream,Beauty & Health,960.68,5,4803.4,2024-07-26,Lake Williamland
d3216484-1c5a-450f-9ddd-d085a0607681,Running Shoes,Sports,606.99,1,606.99,2024-08-28,East Christopherton
c4ac9ee3-e0dd-4ffc-adc5-c9cb41ebc49d,Perfume,Beauty & Health,883.75,1,883.75,2024-12-17,Lake Jasmineport
8589cf5c-e0e8-4622-9c63-b571cece6729,Smartwatch,Electronics,859.64,6,5157.84,2024-09-25,New Paige
ce38efb4-292f-4044-bfe8-1d9de3cdba34,Toaster,Home & Kitchen,755.07,4,3020.28,2025-01-30,Bakerburgh
d928503e-c397-42ed-95da-5a42522a05ef,Sunscreen,Beauty & Health,983.96,6,5903.76,2024-07-03,South Shirley
c21261cd-5948-44c1-a4da-06c1dccfbc77,Yoga Mat,Sports,759.15,7,5314.05,2024-08-07,Lake Matthew
df3e5885-3f57-4093-bba6-95f732173af2,Coffee Maker,Home & Kitchen,404.08,8,3232.64,2024-05-16,Whiteborough
8f621e3e-b9a7-42a6-8bf8-c94af43dcf83,Sweater,Clothing,43.58,5,217.9,2024-05-02,North Angela
e494d7f5-3baa-4ad8-acf0-66e524700d73,Laptop,Electronics,197.6,3,592.8,2024-05-28,Howardshire
7b124432-6bd5-4f59-b1ba-c8a530c4998c,Headphones,Electronics,246.11,9,2214.99,2024-06-17,West Jesse
9886eb9c-9817-4bf2-ab92-64298b3de48e,Lipstick,Beauty & Health,61.89,2,123.78,2024-06-16,Lake Shannonstad
e439d315-a85e-4bb6-b413-95c78735c41a,Dumbbells,Sports,680.01,7,4760.07,2024-05-17,South Rebecca
b4ee7691-443b-436c-8b03-d67a4c23ad5d,Headphones,Electronics,222.84,4,891.36,2025-01-22,Lake Jamesmouth
f009b022-0c20-4c9e-83b8-0590efdc3d26,Dumbbells,Sports,518.83,9,4669.47,2024-03-20,Lake Luke
0c363e96-9f89-4065-9328-8acd8bcc9a76,Running Shoes,Sports,182.52,8,1460.16,2024-03-03,Stevenchester
d585b254-93b8-47ee-847a-f97271d1e6e7,Tablet,Electronics,281.64,1,281.64,2025-01-11,East Michelleside
65fa457c-f9bc-4244-ad03-73fdde113c16,Microwave,Home & Kitchen,927.77,3,2783.31,2025-01-02,Dickersonburgh
f8c9b309-b454-4720-9fed-fb8bc5a5cebf,Dumbbells,Sports,805.54,1,805.54,2025-01-14,Olsenborough
0b9a3dd1-7575-4f50-8039-d202f780510b,Shampoo,Beauty & Health,612.21,9,5509.89,2024-04-09,East Williamside
b9df6322-774c-4da3-b0dc-18f8d2a8e089,Basketball,Sports,950.16,6,5700.96,2024-08-21,South Scottside
819e11a9-f452-45fe-a07c-8718396fc86c,Sweater,Clothing,996.61,4,3986.44,2024-11-22,New Josephton
c4d82cd3-1d8e-424a-a0eb-51e2948272a4,Perfume,Beauty & Health,955.87,6,5735.22,2024-10-24,Boylefort
c20bd275-fea7-49e8-b482-11e695084e03,Tennis Racket,Sports,307.85,9,2770.65,2024-11-17,East Sarachester
87770375-dbd3-44cb-a23a-3c0d6b7ea777,Blender,Home & Kitchen,936.0,7,6552.0,2024-12-23,New George
6e07d226-476f-4143-ae15-ff7646e68d04,Dumbbells,Sports,415.02,7,2905.14,2024-05-07,Morganborough
ac997d59-392f-4873-b4cb-d23f111c49cd,Blender,Home & Kitchen,239.21,7,1674.47,2024-06-07,West Lynnberg
4dc6dc9e-82d6-42c4-b9b1-2128ada57a99,Blender,Home & Kitchen,746.04,3,2238.12,2024-06-18,West Cynthiastad
ac02bbe0-6255-443e-8919-4745a5d0223c,Shoes,Clothing,526.48,4,2105.92,2024-12-22,South Scott
3365d042-6c3a-4702-8d16-2caf9f4fd7fc,Basketball,Sports,836.09,9,7524.81,2024-09-03,Riveraborough
4dc11c48-d930-41bb-b8e6-2f68b9119e57,T-Shirt,Clothing,469.57,5,2347.85,2024-11-24,Mayhaven
48ad1e26-3275-4514-aa88-def96afc07e4,Lipstick,Beauty & Health,978.68,6,5872.08,2024-11-21,South Anthony
3a1ba897-ea9b-42f9-a15b-eb29ff70fb83,Coffee Maker,Home & Kitchen,731.75,5,3658.75,2024-10-24,Rebeccahaven
ee4be829-d93e-49cd-a83b-29eb77e05f36,Smartphone,Electronics,517.01,1,517.01,2024-04-04,Shelialand
770b2cf6-efc7-46e6-ba18-bcb3da60345c,Vacuum Cleaner,Home & Kitchen,408.13,4,1632.52,2024-10-26,Jacobsland
6468eebc-3276-4eb5-b1d2-70a121367761,Microwave,Home & Kitchen,118.47,4,473.88,2024-08-27,Davidhaven
9ccbdaaf-3129-4f52-9baf-a332cde45fe2,Blender,Home & Kitchen,735.64,6,4413.84,2024-09-14,New Richard
2a0e58b0-979d-4a7a-a478-9ea3f2e3cc7e,Dumbbells,Sports,784.61,7,5492.27,2024-09-25,Hernandezfort
bf4b1cca-3d99-4113-9d37-a1f9970ce42b,Microwave,Home & Kitchen,59.68,8,477.44,2024-12-30,West Jeffreyshire
3c3b36d4-bf40-4576-9ab4-7a0f2fc4a08a,Vacuum Cleaner,Home & Kitchen,902.43,8,7219.44,2024-07-05,New Kristen
9bea64d8-7a98-49a8-8b35-579ffb3c9007,Jacket,Clothing,815.76,9,7341.84,2024-07-14,Michaelton
eb47f572-c8f3-41bd-8c41-739d316d4951,Shoes,Clothing,284.82,8,2278.56,2025-02-25,Rebekahborough
a36bb3aa-8459-4616-b796-5c3de966867e,Sunscreen,Beauty & Health,768.56,8,6148.48,2024-12-06,West Michele
12ba5beb-b02e-4995-8125-aa8f846c6cd3,Vacuum Cleaner,Home & Kitchen,253.75,5,1268.75,2024-05-25,South Michealberg
3fd49e11-2a24-463e-9140-c5c7e9adb04f,Shampoo,Beauty & Health,922.15,1,922.15,2024-08-11,New Jessica
89e27487-d2c2-4328-99c5-0bba4271810a,Yoga Mat,Sports,678.54,4,2714.16,2024-12-26,Woodsborough
7b021325-bffc-4ffe-89d8-b96d6971cbf0,Yoga Mat,Sports,175.55,8,1404.4,2025-01-23,West Leslie
1b90dea3-a36a-4292-af0c-7c3754e5804d,Blender,Home & Kitchen,365.22,9,3286.98,2024-11-11,Lake Susan
97da7c87-83da-48f4-9128-fca4f2e5a1fe,Coffee Maker,Home & Kitchen,41.21,9,370.89,2024-05-08,West Dawn
182ec56f-60e9-4340-94a7-85977eea4d93,Blender,Home & Kitchen,832.78,6,4996.68,2024-03-15,Jimmyfurt
056142d4-c96a-4f1d-b978-bc3007a9005d,Running Shoes,Sports,258.71,1,258.71,2024-12-25,South Deborah
40590349-8b7d-4594-8edd-f0d34304c6f4,Dumbbells,Sports,921.81,1,921.81,2025-01-14,Aaronberg
bae5a90c-5972-423e-91c6-d79f72ae5229,Tennis Racket,Sports,376.43,9,3387.87,2024-05-31,Elliottburgh
d0d1ebc0-079e-4f8a-96fd-345537110720,Shoes,Clothing,219.82,9,1978.38,2024-11-18,Robersonbury
1784c622-2f72-448a-9a64-61d529c88c24,Sunscreen,Beauty & Health,152.56,9,1373.04,2024-12-08,East Scott
876af4de-6294-46ef-a30b-5b2f5fe9909a,Jeans,Clothing,762.97,3,2288.91,2024-10-03,North Andreland
a4f6e57b-8b25-49cc-88f3-6ef6678d2b7d,Running Shoes,Sports,687.11,1,687.11,2024-11-11,North Anthonychester
b3e237a6-ce82-4542-ae84-06bdb4c98867,Sunscreen,Beauty & Health,83.0,5,415.0,2025-02-03,Curtisshire
ba04ab3d-a771-4304-a431-35a17db0d90f,Smartphone,Electronics,326.67,8,2613.36,2024-08-02,New Amanda
a70c2f57-ae55-4c23-8618-18825fd920e3,Basketball,Sports,421.24,7,2948.68,2024-11-07,Silvafurt
fe3ce9ee-d711-4995-abf4-946cbc2ee108,Running Shoes,Sports,798.52,6,4791.12,2025-02-13,North Curtisport
cc12a934-d544-46fe-8ee3-97c21724122b,Smartphone,Electronics,765.73,5,3828.65,2024-11-21,West Sabrinachester
c175d2f3-7a81-4ad0-86ec-0f06ff8364e1,Blender,Home & Kitchen,635.93,4,2543.72,2024-05-07,Adamsburgh
36ec7879-d501-4f75-9741-368051505d72,Shampoo,Beauty & Health,507.74,6,3046.44,2025-01-14,South Monicachester
2c719f3a-b1d2-4a31-826b-8a73b2279635,Headphones,Electronics,393.68,6,2362.08,2024-05-13,Lake Sue
e490760f-7bdd-4cfe-9746-483f39c752e0,Lipstick,Beauty & Health,468.63,5,2343.15,2024-10-09,East Eric
8224ac7c-fb41-4655-a4a5-e9fa2d238f14,Face Cream,Beauty & Health,749.18,6,4495.08,2024-08-16,Christinaview
fa7f0675-3403-4ee8-aa32-5a28700f1912,Running Shoes,Sports,343.23,5,1716.15,2025-01-12,Stokesport
4a5c809f-5955-41be-befd-3c4e33dedad4,Face Cream,Beauty & Health,531.97,9,4787.73,2024-10-23,New Ryanberg
35075c7c-3dc3-46d1-aa16-73c710b8d2ad,Face Cream,Beauty & Health,67.75,2,135.5,2024-06-20,Ashleyberg
ceece0f8-633c-49ff-9aa3-2e5689904617,Running Shoes,Sports,431.26,6,2587.56,2024-10-28,Gomezborough
c19a11e1-deb5-4ed4-b2d1-96752d5e5ac1,Sunscreen,Beauty & Health,548.1,9,4932.9,2024-07-13,Goodwinfort
5334c703-2080-41c5-af13-0de19697b7db,Shoes,Clothing,408.14,6,2448.84,2024-09-04,East Patrickfurt
c543c7cb-e581-4f9d-a061-5b5e0828cf14,Face Cream,Beauty & Health,558.17,7,3907.19,2024-04-27,Brendashire
78701b21-7b5c-445e-816d-3a850d8b65d4,Coffee Maker,Home & Kitchen,207.48,8,1659.84,2024-04-13,West Taylorburgh
8d87c0cc-8cca-4a3e-8789-439764b27995,T-Shirt,Clothing,318.17,2,636.34,2025-01-29,Lake Mary
a911439d-820c-4aea-b1b8-e781e99de3f7,Tennis Racket,Sports,847.83,8,6782.64,2024-10-20,North Erikaton
a692495b-f3a6-460b-9650-f07cf5d6eeb2,Dumbbells,Sports,523.97,6,3143.82,2024-10-12,Villanuevatown
983f672d-b973-4987-bc28-7848ec73212b,Yoga Mat,Sports,153.94,6,923.64,2024-08-27,South Krystal
f994fbcf-45c8-4cca-9bd5-d5fd7e8f1a57,Microwave,Home & Kitchen,637.62,8,5100.96,2024-07-31,South Mackenzietown
0aa31ad6-a7c7-4818-8dba-77ddd57458ce,Coffee Maker,Home & Kitchen,425.13,1,425.13,2024-07-21,Robinport
80403b6d-3e64-4f33-9d4e-92606fa34a87,Tablet,Electronics,409.19,5,2045.95,2024-05-15,Lake Nancy
75f6b3f6-3f03-4ad9-8b1b-435c979bb610,Smartwatch,Electronics,670.83,3,2012.49,2025-01-25,Mccoyburgh
2e3b0334-304d-4dcd-9020-06e90fd148d1,T-Shirt,Clothing,472.79,3,1418.37,2025-02-04,Port Sara
51f962f6-c7a4-4443-88ad-c70ed563e3d0,Running Shoes,Sports,577.47,2,1154.94,2025-02-21,Hendersonview
acf734c2-faf0-4fbc-8518-cd842e991af6,Shoes,Clothing,909.86,6,5459.16,2024-07-29,Port Dawn
ca445140-e3b4-447d-9490-947ae3ee4afe,Shampoo,Beauty & Health,289.42,7,2025.94,2024-11-30,East Carlstad
371ed664-8395-46c0-b49f-fe5dd8749649,Shampoo,Beauty & Health,169.18,7,1184.26,2024-07-05,New Christine
f0d157cd-4404-4849-a740-55f297b13f68,Sweater,Clothing,269.93,1,269.93,2024-11-22,Bradmouth
33b46cb9-a396-4826-a36a-fd76da4cb7e4,Shoes,Clothing,750.62,6,4503.72,2024-07-02,Kellibury
d710665e-f059-4dce-b24a-aa796f36c8e2,Shoes,Clothing,969.73,6,5818.38,2024-11-15,Dennisstad
d32d7bf7-9779-4616-89b7-990ae63256b5,Running Shoes,Sports,45.96,3,137.88,2024-08-09,West Kimberly
5c7decfd-e208-43c6-8bd4-130da08401f1,Jacket,Clothing,703.89,4,2815.56,2024-10-08,South Jennifermouth
868f9645-4a13-4828-bcde-468ee1121505,Jacket,Clothing,717.3,5,3586.5,2024-07-04,New Jill
19af09a5-0d6d-43f1-a5ea-4b36cca6b38d,Sweater,Clothing,20.97,5,104.85,2024-12-09,East Jason
6e6c7ef1-ae67-4b51-8e03-914961641399,Smartwatch,Electronics,973.46,8,7787.68,2024-03-31,Grahamburgh
cd392b4c-757f-44d7-b11c-0cd89bf16c82,Sweater,Clothing,608.74,6,3652.44,2024-08-25,Frankstad
d1b8d38e-a8a8-4efc-8cdf-d2235d0532d5,Smartwatch,Electronics,757.61,7,5303.27,2024-03-02,East Patricia
a1dee1a3-71da-43f6-99db-f42dd6655db8,Running Shoes,Sports,583.16,7,4082.12,2024-09-25,New Alejandrostad
1abe06b4-b66f-486a-b8b5-e19ba969aa17,Tennis Racket,Sports,758.11,9,6822.99,2025-01-02,Blairside
03893c40-81cb-473c-b244-db42651bc939,Jeans,Clothing,785.27,4,3141.08,2024-12-28,West Carriechester
58890842-01f9-4ad5-adc6-89beb3b560dc,Laptop,Electronics,661.16,2,1322.32,2024-07-23,New Jacquelinemouth
c02c54b5-d3af-44ae-8159-c64e0ab3aac3,Running Shoes,Sports,587.62,4,2350.48,2024-07-11,Melissashire
a8b14e43-d21f-42e7-ab06-2c13444de78b,Sweater,Clothing,556.38,9,5007.42,2024-04-29,Millermouth
7e6edf4d-4627-4ac3-a9a6-ca64e60a4923,Basketball,Sports,813.24,8,6505.92,2024-03-04,North Daniel
00446ec3-8dc7-484e-8a25-ff4546ab087b,Blender,Home & Kitchen,177.56,1,177.56,2024-07-01,North Dwaynetown
ad766166-1f2e-4835-9539-7fa995083151,Vacuum Cleaner,Home & Kitchen,238.76,8,1910.08,2025-02-15,West Lorifort
b442ba3b-ade8-4721-99b7-c83f4b22c673,Coffee Maker,Home & Kitchen,948.14,2,1896.28,2024-05-28,New Sharonville
693c281b-50bf-46de-9221-c464db5db44e,Sunscreen,Beauty & Health,731.07,1,731.07,2024-06-20,North Kaitlyn
fcd07d58-88ef-4476-b330-42944e841288,Lipstick,Beauty & Health,515.58,1,515.58,2025-02-21,Solomonchester
4cf553d6-30d5-464e-af36-fd7969a7d008,Sweater,Clothing,706.37,9,6357.33,2025-02-06,Lauraberg
836d43fb-f976-42e4-82f1-e442b60f07c0,Yoga Mat,Sports,532.71,7,3728.97,2024-10-08,New Pamela
21cade5d-d2f7-4260-9f59-1526496e031f,Microwave,Home & Kitchen,661.24,6,3967.44,2024-05-26,North Jamie
8bb9b697-15f0-4678-b8f4-2e353c1afaaa,Tablet,Electronics,641.33,3,1923.99,2024-10-06,Lake Rachel
de622d11-d196-40da-9be4-ae18ce1dfa09,Headphones,Electronics,395.64,2,791.28,2024-02-27,Hallmouth
9ac69c63-2a57-452b-9f7b-60d4e361329e,Tablet,Electronics,238.67,6,1432.02,2024-06-17,New Hannah
8db8523f-0e82-43f9-87cb-39aaf6d8ec9d,Basketball,Sports,67.21,6,403.26,2024-04-19,Sheenabury
85afb32b-8ad3-4426-bdb9-49fd44843360,Tablet,Electronics,797.38,5,3986.9,2024-04-14,Ramirezfurt
6edd90ef-5496-4fa1-ae30-045d0211a717,Jeans,Clothing,661.58,7,4631.06,2024-06-03,Staceychester
21f1ab9d-a32a-4ef7-9471-1c9252e91bdb,Running Shoes,Sports,200.34,3,601.02,2025-01-06,East Howardshire
839d01c6-bd57-40a4-aef4-eb9fc7b02636,Tennis Racket,Sports,398.72,2,797.44,2024-11-19,Carlborough
673e8c8c-54a2-4fed-a500-c5ef337c2a2f,Smartwatch,Electronics,254.28,1,254.28,2024-12-23,Port Lisa
9b0a9315-c200-4fd4-9bf3-338d879c774a,Smartphone,Electronics,41.24,2,82.48,2024-08-23,West Amanda
2e8f4594-cee1-4a6b-861f-68b5ceb9e4d3,Face Cream,Beauty & Health,572.99,4,2291.96,2024-10-21,Lake Laurafort
4fd47920-4e8f-42cd-8ffe-3b5603d795fb,Shoes,Clothing,441.2,4,1764.8,2024-11-29,Teresaberg
30936c12-1c9f-4153-abfb-e2a5cb168bdb,Jacket,Clothing,303.56,2,607.12,2024-09-06,New Andrewborough
062a8453-885f-4742-8117-3e612a361431,Dumbbells,Sports,842.79,3,2528.37,2024-02-27,Wallerberg
02e0dc0a-e6cb-435b-91f8-99aa5b605c6e,Vacuum Cleaner,Home & Kitchen,768.17,6,4609.02,2024-05-06,Perryborough
55de09bd-e26a-4dc7-af83-660a5ed50c23,Face Cream,Beauty & Health,459.97,3,1379.91,2024-11-25,South Alexandra
4409414a-6b0a-4c03-9ffc-fb22a7328588,Dumbbells,Sports,104.33,3,312.99,2024-09-22,North Christopher
2f389445-c87c-4fb0-97cb-dfdab2b0380b,Jacket,Clothing,209.32,2,418.64,2024-05-16,Nathanfurt
f2a0dd9d-43a1-4e1f-885c-91157c80b013,Sunscreen,Beauty & Health,779.7,9,7017.3,2024-11-06,Port William
17ac49c2-9a0a-4983-b513-34f09f85d550,Shoes,Clothing,354.25,7,2479.75,2024-04-18,Thomasfort
2ce507f0-c40b-4cf9-adce-5da65f602e5e,Blender,Home & Kitchen,965.34,4,3861.36,2024-08-11,New Daniel
cb4afedd-f81f-4275-b276-d9a6240cdc62,Jacket,Clothing,13.01,6,78.06,2024-12-23,Lake Connor
3b848e28-e490-457d-a598-121ce7a00321,Dumbbells,Sports,89.74,9,807.66,2024-05-09,New David
b7c07af6-d883-4f81-bd58-52a3aeb1789b,Tennis Racket,Sports,890.4,8,7123.2,2024-08-16,Ericside
4b15bc3f-7f6e-47cd-8914-e7968c58388d,Headphones,Electronics,271.32,1,271.32,2024-07-06,South Samuelton
d7d10c7d-4da5-4547-8cd7-1cfc38a03166,Smartwatch,Electronics,419.85,5,2099.25,2024-03-30,Burtonmouth
c5629eeb-c476-4be3-bb39-06e96059b4b3,Tennis Racket,Sports,103.86,6,623.16,2024-02-28,Floresport
0309a653-5e72-4dd0-afe8-da62ee238f53,Yoga Mat,Sports,88.73,2,177.46,2024-09-20,Conleymouth
ec9c52d3-002b-4cdd-8160-11f01decdba6,Laptop,Electronics,368.51,9,3316.59,2024-08-20,West Mitchell
874cfb08-2d85-4eb6-a002-3f232f2f183a,Smartwatch,Electronics,62.58,4,250.32,2024-03-24,West Kevinview
d883d8a4-41b0-4040-9287-af907641a7f5,Coffee Maker,Home & Kitchen,947.36,9,8526.24,2024-06-23,Sierramouth
5986da05-e79d-486f-9ea2-70d421651f55,Coffee Maker,Home & Kitchen,956.68,5,4783.4,2025-02-05,South Kristy
68c14d0d-a6c9-4a4a-b427-a5f13a7e1989,Headphones,Electronics,266.92,7,1868.44,2024-04-22,Christopherland
348a8336-0af3-4390-a85a-66f8c397f9b4,Toaster,Home & Kitchen,956.29,9,8606.61,2024-03-22,East James
c598c4ba-bfe0-4f5c-8bbd-9d501337c25a,Toaster,Home & Kitchen,593.58,9,5342.22,2024-10-12,Port Dylan
3db49104-ea3b-432e-b168-9e565717ad70,Yoga Mat,Sports,265.2,8,2121.6,2024-08-31,Shaneport
a762566f-d87e-40d7-ab27-61d0c2846cf1,Jeans,Clothing,859.69,5,4298.45,2024-05-26,Cohenstad
59773d5a-eb15-4411-88b8-fa4b0b3fa1f2,Sweater,Clothing,629.69,5,3148.45,2024-12-19,Brownside
43722f14-a414-4e28-a610-3ae83a6828a0,Sunscreen,Beauty & Health,685.31,3,2055.93,2024-05-15,South Tarastad
89416cde-467d-4b0a-a451-0f6a75697961,Blender,Home & Kitchen,977.22,2,1954.44,2024-12-21,Kristinmouth
6b999bb0-0462-4057-818c-1731577ffbfd,Toaster,Home & Kitchen,487.47,8,3899.76,2024-03-15,Milestown
81a848e8-5c37-4083-a3ab-ea1cf486ade8,Tablet,Electronics,624.17,1,624.17,2024-09-28,Grayfort
91a2e696-b43f-47a2-901c-aa33fd45b3f8,Lipstick,Beauty & Health,789.36,6,4736.16,2024-07-31,Pennyport
4a6e8cbd-893d-47a1-bb0a-ecc2909d10f2,Basketball,Sports,498.3,1,498.3,2024-05-07,North Jeffreyburgh
a6912cee-b046-4783-bc46-98856ed3c3ee,Basketball,Sports,913.33,8,7306.64,2024-07-29,Webbborough
dd3b80e0-1869-4c68-91db-024f12766adb,T-Shirt,Clothing,226.79,5,1133.95,2024-12-16,Lorimouth
9269bd82-791b-4666-aa09-a20fe400097e,Jacket,Clothing,593.33,8,4746.64,2024-07-02,New Mark
a2ea5f15-cd0a-4514-a4c5-6647eef27500,T-Shirt,Clothing,123.52,4,494.08,2024-06-13,Kinghaven
e1d88046-90bb-4aae-9956-448dd45aa376,Shoes,Clothing,51.69,8,413.52,2024-09-10,Watsonburgh
63badafc-22ca-4274-9802-3a812fc5163a,Face Cream,Beauty & Health,252.66,7,1768.62,2024-07-23,Michaelport
a25a733a-23d9-4ce0-8921-921bf83a629c,Blender,Home & Kitchen,738.76,4,2955.04,2025-02-23,Maddoxview
a3562e11-3b7e-41f7-b5d3-2dc1645e664f,Vacuum Cleaner,Home & Kitchen,721.03,6,4326.18,2024-07-10,Curryburgh
d0dd5831-3aa3-4fa9-9c05-8d8116cece74,Basketball,Sports,282.54,3,847.62,2024-12-16,Patriciashire
54e76114-4be0-4ef2-8073-13dcf790bde4,Vacuum Cleaner,Home & Kitchen,922.9,2,1845.8,2024-08-06,North Craigtown
f7afab75-36f8-46e8-ba22-7788c526dea6,Dumbbells,Sports,540.01,6,3240.06,2025-01-03,Lake Isaacview
c3f9222d-9ef5-4f17-a30c-bc8057bb318d,Dumbbells,Sports,610.33,5,3051.65,2024-06-11,Judyhaven
63e3ec5c-7607-4639-84cd-656bea760da6,Tennis Racket,Sports,829.77,7,5808.39,2024-05-30,Hughesport
224a6189-1120-4d63-956d-58df28868ca8,Headphones,Electronics,300.2,1,300.2,2024-07-29,Port Sherry
b5f0ae3e-be6a-4c89-b5fe-0d72162ae62b,Coffee Maker,Home & Kitchen,282.48,3,847.44,2024-07-24,West Mary
5a9cd27c-9089-4bb5-92ca-5631e01d0313,Laptop,Electronics,582.84,8,4662.72,2024-12-12,Comptonbury
e5c341e1-c904-4988-bb91-02d60b1c6a02,Jacket,Clothing,400.33,7,2802.31,2024-03-13,Lake Autumn
f5c2a330-7898-4125-a97f-89ae4aa81aa3,Shoes,Clothing,114.23,1,114.23,2024-10-07,Perezport
a7f1d872-a5c5-45a4-b274-23c19f2c1265,Sunscreen,Beauty & Health,84.99,1,84.99,2024-08-27,North Shawnfort
d318683e-df6c-4957-b84b-2e8460bf9968,Vacuum Cleaner,Home & Kitchen,460.36,1,460.36,2025-02-14,Lynnport
4c71e69e-8f74-4f5b-9e87-a3883036c271,Yoga Mat,Sports,564.58,5,2822.9,2024-06-23,Timothytown
a14ed374-0161-48b8-9ab9-f5353da00b85,Headphones,Electronics,685.86,2,1371.72,2024-04-02,Brownside
60fe6e84-0350-4064-b8dc-146e5babc95c,Shoes,Clothing,506.18,9,4555.62,2024-04-27,West Ryan
9b877a70-9581-40bf-bc50-c56e619b9e38,T-Shirt,Clothing,210.29,8,1682.32,2024-03-20,Perezburgh
8ad03bb5-d825-44cc-91b7-a9245edefe50,Yoga Mat,Sports,895.47,3,2686.41,2024-09-25,Lake Andrea
2433815d-06e8-4dd8-9351-a2af3b18f045,Jacket,Clothing,540.01,8,4320.08,2025-02-11,Jacksonfort
ca63a353-54f7-4ba6-853e-05f4eba3c5f9,Tablet,Electronics,911.59,5,4557.95,2024-05-31,Kathleenshire
e329cf93-eb1e-40d7-aa2f-b6d709c71f07,Vacuum Cleaner,Home & Kitchen,523.66,9,4712.94,2024-04-05,Marshport
46f4f467-fa11-46ae-94a1-b2c23c152880,Toaster,Home & Kitchen,711.64,3,2134.92,2024-09-27,Delacruzmouth
491450c9-2c59-4f7e-bfc1-626f3dda2200,Toaster,Home & Kitchen,310.47,4,1241.88,2024-05-13,East Brandon
6b290439-28e0-482c-ba9f-b0405f1a82cb,Vacuum Cleaner,Home & Kitchen,393.5,1,393.5,2025-02-12,Claudiaville
a8e68020-bf9c-4f8c-80ec-e35710522582,Shoes,Clothing,792.13,5,3960.65,2024-05-15,Chelseabury
1d5c13bb-52f6-45e0-b842-c8569ce7cac1,Tablet,Electronics,534.25,4,2137.0,2024-12-14,Jennifershire
96403a6a-1e16-4137-a700-9914df0a1085,Yoga Mat,Sports,189.18,2,378.36,2024-05-11,Brittanyberg
e19a47a9-9961-49a2-8d11-287a8660daef,Laptop,Electronics,671.67,1,671.67,2025-01-06,Port Teresamouth
21be71b6-8c51-452e-87c3-87a07c6b5b36,Basketball,Sports,909.39,2,1818.78,2024-03-12,West Charlesport
c4c528d0-a28c-4d65-b1e4-9c872d42e3e5,Lipstick,Beauty & Health,697.54,4,2790.16,2024-08-12,Leeburgh
564304e8-be37-4e40-8981-93950bd4b36b,Smartwatch,Electronics,801.72,1,801.72,2024-06-19,Kristaburgh
f5e17dcb-eaa1-4942-b155-3642ca2a4609,Toaster,Home & Kitchen,990.43,8,7923.44,2024-07-07,Williemouth
61366edc-aa59-4e75-8516-44f8dbc8587a,Yoga Mat,Sports,608.08,2,1216.16,2024-11-25,New Ryan
635807d5-e567-4554-a11a-c9720d4267fa,Blender,Home & Kitchen,204.93,8,1639.44,2024-09-19,Garciamouth
e554aae7-45df-408c-92b6-be8d6f3effd2,Laptop,Electronics,791.97,9,7127.73,2024-09-14,Orrchester
f7a8af53-e21a-4745-832a-6b068f076fc7,Vacuum Cleaner,Home & Kitchen,231.75,6,1390.5,2024-07-11,Jonesfort
7c565a9e-ff1c-47df-98a0-301919faef87,Laptop,Electronics,593.83,5,2969.15,2024-11-16,Lake Jonville
f51f8a22-31f9-4213-aeb1-a78f6759b24f,Toaster,Home & Kitchen,989.49,9,8905.41,2025-01-06,Port Rachelstad
c2fac696-8667-463e-8054-2a10d717b3be,Face Cream,Beauty & Health,943.42,3,2830.26,2025-01-15,South Roy
d28d0383-26be-4818-9ce7-00d65bb15e64,Toaster,Home & Kitchen,963.13,4,3852.52,2024-06-07,Lake Randall
01bf61ac-b432-4679-8f9a-6d950b42316d,Headphones,Electronics,891.29,7,6239.03,2024-09-27,Bonnieside
87030fcc-c3bd-46a6-b73d-3bdf0594b986,Tennis Racket,Sports,91.86,5,459.3,2025-02-14,West Deborah
2a66379e-5bb4-44f5-90e8-af36b35407b8,Shampoo,Beauty & Health,609.22,1,609.22,2024-05-01,Christopherland
acf696bd-03f9-4939-b353-92d3645822ef,Tablet,Electronics,970.66,6,5823.96,2025-01-25,North Micheleburgh
2168204a-7ded-4cf6-ba65-574bb060a881,Blender,Home & Kitchen,993.67,5,4968.35,2024-07-02,Ramirezberg
a1737f09-44da-443f-8c02-1b3912e21af8,Microwave,Home & Kitchen,214.06,3,642.18,2024-06-24,Thompsonmouth
210a283e-4e39-4596-8e98-149fa02c31d6,Sunscreen,Beauty & Health,254.99,7,1784.93,2024-11-28,New Robert
5a7912be-093a-4413-839e-8a0fe2c6d0ba,Blender,Home & Kitchen,279.37,5,1396.85,2024-09-14,South Richard
434c87a4-4ba0-417a-b534-d9872c7d8605,Blender,Home & Kitchen,183.57,1,183.57,2025-01-04,East Terry
56e67ceb-f3fa-4089-ae7a-d0cc44c10eda,Jacket,Clothing,898.77,7,6291.39,2024-08-13,Jerryburgh
10e2972f-6365-464a-ad23-15b35a02270c,Shampoo,Beauty & Health,200.92,8,1607.36,2024-06-12,East Sharonshire
03b470ce-af49-4709-8879-14c75bd14c86,Yoga Mat,Sports,115.54,5,577.7,2024-08-24,New Philipstad
c892f385-6b9d-4e87-a1d3-90d280eaaee6,Coffee Maker,Home & Kitchen,617.96,7,4325.72,2024-11-26,East Andrew
94398912-09b6-442a-bb38-7f5083edc626,Perfume,Beauty & Health,356.17,1,356.17,2024-03-11,South Williamside
962c860a-bc69-4ac0-b0d4-7aab2d935d32,Running Shoes,Sports,725.04,6,4350.24,2024-07-18,Karenhaven
2d1de0c8-c0a4-4f89-96cd-10660020715c,Running Shoes,Sports,519.72,3,1559.16,2024-07-23,Charlestown
75e97f8e-6112-442e-941d-774634f1178f,Coffee Maker,Home & Kitchen,74.7,1,74.7,2024-05-01,North William
06f193bb-3dc6-4487-aff9-f41638cca596,T-Shirt,Clothing,999.5,3,2998.5,2024-06-21,Jasonchester
a9297446-e0a5-447b-b124-f6faaa9d164a,Shoes,Clothing,113.84,6,683.04,2024-03-30,Port April
f6f64a13-e6d2-47dc-84b6-57f45594e786,Face Cream,Beauty & Health,289.4,6,1736.4,2024-03-19,West Melissa
03085380-7bc5-4e7d-9b9b-105577839ab9,Perfume,Beauty & Health,994.9,8,7959.2,2025-01-16,Laurabury
6822f979-2b97-4fa9-bbbe-73b2f4e1d46c,Lipstick,Beauty & Health,542.52,7,3797.64,2025-02-19,South Catherine
510e7278-bf88-46c8-840e-5617e157eafe,Shoes,Clothing,199.6,1,199.6,2024-05-22,Adamsville
8de32189-9411-4b50-a860-61b387dc53d1,Microwave,Home & Kitchen,645.62,5,3228.1,2024-07-02,South Ellenton
a1d61fae-36b5-4d31-a024-cf6917762977,Yoga Mat,Sports,282.26,7,1975.82,2024-12-22,Kristenmouth
fa91282d-4897-47a2-9e6a-818865d21ef7,T-Shirt,Clothing,115.88,4,463.52,2024-04-30,Dudleyview
